upp,year,month,date,homicideintentional,bodyinjurydeathfollowed,robberydeathfollowed,deathofmilitarypolice,deathofcivilpolice,totalrobbery,totaltheft
DoUppSantaMarta,2007,1,1,0,0,0,0,0,0,1
DoUppSantaMarta,2007,2,2,0,0,0,0,0,3,2
DoUppSantaMarta,2007,3,3,0,0,0,0,0,2,3
DoUppSantaMarta,2007,4,4,0,0,0,0,0,1,2
DoUppSantaMarta,2007,5,5,0,0,0,0,0,0,0
DoUppSantaMarta,2007,6,6,0,0,0,0,0,1,0
DoUppSantaMarta,2007,7,7,0,0,0,0,0,1,3
DoUppSantaMarta,2007,8,8,0,0,0,0,0,1,0
DoUppSantaMarta,2007,9,9,0,0,0,0,0,1,2
DoUppSantaMarta,2007,10,10,0,0,0,0,0,1,1
DoUppSantaMarta,2007,11,11,0,0,0,0,0,0,3
DoUppSantaMarta,2007,12,12,2,0,0,0,0,1,2
DoUppSantaMarta,2008,1,13,0,0,0,0,0,2,5
DoUppSantaMarta,2008,2,14,0,0,0,0,0,2,4
DoUppSantaMarta,2008,3,15,0,0,0,0,0,0,3
DoUppSantaMarta,2008,4,16,0,0,0,0,0,1,1
DoUppSantaMarta,2008,5,17,0,0,0,0,0,0,3
DoUppSantaMarta,2008,6,18,0,0,0,0,0,1,2
DoUppSantaMarta,2008,7,19,0,0,0,0,0,2,2
DoUppSantaMarta,2008,8,20,0,0,0,0,0,0,1
DoUppSantaMarta,2008,9,21,0,0,0,0,0,0,3
DoUppSantaMarta,2008,10,22,0,0,0,0,0,1,4
DoUppSantaMarta,2008,11,23,0,0,0,0,0,2,4
DoUppSantaMarta,2008,12,24,0,0,0,0,0,0,3
DoUppSantaMarta,2009,1,25,0,0,0,0,0,1,5
DoUppSantaMarta,2009,2,26,0,0,0,0,0,2,4
DoUppSantaMarta,2009,3,27,0,0,0,0,0,0,4
DoUppSantaMarta,2009,4,28,0,0,0,0,0,0,4
DoUppSantaMarta,2009,5,29,0,0,0,0,0,1,3
DoUppSantaMarta,2009,6,30,0,0,0,0,0,1,1
DoUppSantaMarta,2009,7,31,0,0,0,0,0,1,2
DoUppSantaMarta,2009,8,32,0,0,0,0,0,0,4
DoUppSantaMarta,2009,9,33,0,0,0,0,0,0,2
DoUppSantaMarta,2009,10,34,0,0,0,0,0,0,2
DoUppSantaMarta,2009,11,35,0,0,0,0,0,0,7
DoUppSantaMarta,2009,12,36,0,0,0,0,0,0,1
DoUppSantaMarta,2010,1,37,0,0,0,0,0,0,0
DoUppSantaMarta,2010,2,38,0,0,0,0,0,0,3
DoUppSantaMarta,2010,3,39,0,0,0,0,0,1,2
DoUppSantaMarta,2010,4,40,0,0,0,0,0,1,3
DoUppSantaMarta,2010,5,41,0,0,0,0,0,1,1
DoUppSantaMarta,2010,6,42,0,0,0,0,0,0,4
DoUppSantaMarta,2010,7,43,0,0,0,0,0,0,1
DoUppSantaMarta,2010,8,44,0,0,0,0,0,0,4
DoUppSantaMarta,2010,9,45,0,0,0,0,0,2,1
DoUppSantaMarta,2010,10,46,0,0,0,0,0,0,1
DoUppSantaMarta,2010,11,47,0,0,0,0,0,1,2
DoUppSantaMarta,2010,12,48,0,0,0,0,0,0,4
DoUppSantaMarta,2011,1,49,0,0,0,0,0,1,1
DoUppSantaMarta,2011,2,50,0,0,0,0,0,0,4
DoUppSantaMarta,2011,3,51,0,0,0,0,0,0,5
DoUppSantaMarta,2011,4,52,0,0,0,0,0,1,2
DoUppSantaMarta,2011,5,53,0,0,0,0,0,1,3
DoUppSantaMarta,2011,6,54,0,0,0,0,0,0,5
DoUppSantaMarta,2011,7,55,0,0,0,0,0,1,1
DoUppSantaMarta,2011,8,56,0,0,0,0,0,1,2
DoUppSantaMarta,2011,9,57,0,0,0,0,0,0,2
DoUppSantaMarta,2011,10,58,0,0,0,0,0,1,2
DoUppSantaMarta,2011,11,59,0,0,0,0,0,0,4
DoUppSantaMarta,2011,12,60,0,0,0,0,0,0,5
DoUppSantaMarta,2012,1,61,0,0,0,0,0,0,4
DoUppSantaMarta,2012,2,62,0,0,0,0,0,0,2
DoUppSantaMarta,2012,3,63,0,0,0,0,0,0,2
DoUppSantaMarta,2012,4,64,0,0,0,0,0,0,1
DoUppSantaMarta,2012,5,65,0,0,0,0,0,0,3
DoUppSantaMarta,2012,6,66,0,0,0,0,0,0,4
DoUppSantaMarta,2012,7,67,0,0,0,0,0,0,3
DoUppSantaMarta,2012,8,68,0,0,0,0,0,0,2
DoUppSantaMarta,2012,9,69,0,0,0,0,0,0,4
DoUppSantaMarta,2012,10,70,0,0,0,0,0,0,0
DoUppSantaMarta,2012,11,71,0,0,0,0,0,0,0
DoUppSantaMarta,2012,12,72,0,0,0,0,0,0,1
DoUppSantaMarta,2013,1,73,0,0,0,0,0,0,3
DoUppSantaMarta,2013,2,74,0,0,0,0,0,0,2
DoUppSantaMarta,2013,3,75,0,0,0,0,0,0,3
DoUppSantaMarta,2013,4,76,0,0,0,0,0,0,3
DoUppSantaMarta,2013,5,77,0,0,0,0,0,1,6
DoUppSantaMarta,2013,6,78,0,0,0,0,0,0,3
DoUppSantaMarta,2013,7,79,0,0,0,0,0,0,1
DoUppSantaMarta,2013,8,80,0,0,0,0,0,0,1
DoUppSantaMarta,2013,9,81,0,0,0,0,0,0,1
DoUppSantaMarta,2013,10,82,0,0,0,0,0,0,2
DoUppSantaMarta,2013,11,83,0,0,0,0,0,0,0
DoUppSantaMarta,2013,12,84,0,0,0,0,0,0,0
DoUppSantaMarta,2014,1,85,0,0,0,0,0,0,3
DoUppSantaMarta,2014,2,86,0,0,0,0,0,2,2
DoUppSantaMarta,2014,3,87,0,0,0,0,0,0,0
DoUppSantaMarta,2014,4,88,0,0,0,0,0,0,5
DoUppSantaMarta,2014,5,89,0,0,0,0,0,1,3
DoUppSantaMarta,2014,6,90,0,0,0,0,0,0,1
DoUppSantaMarta,2014,7,91,0,0,0,0,0,0,2
DoUppSantaMarta,2014,8,92,0,0,0,0,0,0,2
DoUppSantaMarta,2014,9,93,0,0,0,0,0,0,2
DoUppSantaMarta,2014,10,94,0,0,0,0,0,0,0
DoUppSantaMarta,2014,11,95,0,0,0,0,0,0,1
DoUppSantaMarta,2014,12,96,0,0,0,0,0,0,2
DoUppSantaMarta,2015,1,97,0,0,0,0,0,0,2
DoUppSantaMarta,2015,2,98,0,0,0,0,0,0,1
DoUppSantaMarta,2015,3,99,0,0,0,0,0,0,1
DoUppSantaMarta,2015,4,100,0,0,0,0,0,0,3
DoUppSantaMarta,2015,5,101,0,0,0,0,0,0,1
DoUppSantaMarta,2015,6,102,0,0,0,0,0,0,1
DoUppSantaMarta,2015,7,103,0,0,0,0,0,0,1
DoUppSantaMarta,2015,8,104,0,0,0,0,0,0,2
DoUppSantaMarta,2015,9,105,0,0,0,0,0,0,1
DoUppSantaMarta,2015,10,106,0,0,0,0,0,0,1
DoUppSantaMarta,2015,11,107,0,0,0,0,0,1,0
DoUppSantaMarta,2015,12,108,0,0,0,0,0,1,0
DoUppSantaMarta,2016,1,109,0,0,0,0,0,0,1
DoUppSantaMarta,2016,2,110,0,0,0,0,0,0,1
DoUppSantaMarta,2016,3,111,0,0,0,0,0,0,4
DoUppSantaMarta,2016,4,112,0,0,0,0,0,0,2
DoUppSantaMarta,2016,5,113,0,0,0,0,0,0,2
DoUppSantaMarta,2016,6,114,0,0,0,0,0,0,0
DoUppBatan,2007,1,1,0,0,0,0,0,7,5
DoUppBatan,2007,2,2,0,0,0,0,0,5,3
DoUppBatan,2007,3,3,0,0,0,0,0,2,6
DoUppBatan,2007,4,4,1,0,0,0,0,3,3
DoUppBatan,2007,5,5,0,0,0,0,0,5,2
DoUppBatan,2007,6,6,0,0,0,0,0,7,1
DoUppBatan,2007,7,7,1,0,0,0,0,1,0
DoUppBatan,2007,8,8,1,0,0,0,0,4,1
DoUppBatan,2007,9,9,1,0,0,0,0,5,1
DoUppBatan,2007,10,10,0,0,0,0,0,7,2
DoUppBatan,2007,11,11,0,0,0,0,0,6,2
DoUppBatan,2007,12,12,1,0,0,0,0,2,1
DoUppBatan,2008,1,13,0,0,0,0,0,1,1
DoUppBatan,2008,2,14,0,0,0,0,0,9,0
DoUppBatan,2008,3,15,0,0,0,0,0,1,3
DoUppBatan,2008,4,16,0,0,1,0,0,4,1
DoUppBatan,2008,5,17,0,0,0,0,0,0,2
DoUppBatan,2008,6,18,0,0,0,0,0,2,4
DoUppBatan,2008,7,19,0,0,0,0,0,2,0
DoUppBatan,2008,8,20,0,0,0,0,0,1,4
DoUppBatan,2008,9,21,0,0,0,0,0,1,4
DoUppBatan,2008,10,22,0,0,0,0,0,1,2
DoUppBatan,2008,11,23,1,0,0,0,0,8,2
DoUppBatan,2008,12,24,0,0,0,0,0,5,2
DoUppBatan,2009,1,25,0,0,0,0,0,3,2
DoUppBatan,2009,2,26,0,0,0,0,0,4,2
DoUppBatan,2009,3,27,0,0,0,0,0,2,1
DoUppBatan,2009,4,28,0,0,0,0,0,1,3
DoUppBatan,2009,5,29,0,0,0,0,0,1,2
DoUppBatan,2009,6,30,0,0,0,0,0,3,1
DoUppBatan,2009,7,31,0,0,0,0,0,2,6
DoUppBatan,2009,8,32,0,0,0,0,0,4,5
DoUppBatan,2009,9,33,1,0,0,0,0,0,5
DoUppBatan,2009,10,34,1,0,0,0,0,1,2
DoUppBatan,2009,11,35,0,0,0,0,0,1,4
DoUppBatan,2009,12,36,0,0,0,0,0,1,3
DoUppBatan,2010,1,37,0,0,0,0,0,0,0
DoUppBatan,2010,2,38,0,0,0,0,0,0,2
DoUppBatan,2010,3,39,0,0,0,0,0,1,7
DoUppBatan,2010,4,40,0,0,0,0,0,0,3
DoUppBatan,2010,5,41,0,0,0,0,0,1,0
DoUppBatan,2010,6,42,0,0,0,0,0,1,0
DoUppBatan,2010,7,43,0,0,0,0,0,1,2
DoUppBatan,2010,8,44,0,0,0,0,0,1,1
DoUppBatan,2010,9,45,0,0,0,0,0,1,3
DoUppBatan,2010,10,46,0,0,0,0,0,0,2
DoUppBatan,2010,11,47,1,0,0,0,0,0,2
DoUppBatan,2010,12,48,0,0,0,0,0,2,4
DoUppBatan,2011,1,49,0,0,0,0,0,0,3
DoUppBatan,2011,2,50,0,0,0,0,0,2,2
DoUppBatan,2011,3,51,0,0,0,0,0,1,0
DoUppBatan,2011,4,52,0,0,0,0,0,0,2
DoUppBatan,2011,5,53,0,0,0,0,0,1,5
DoUppBatan,2011,6,54,0,0,0,0,0,1,2
DoUppBatan,2011,7,55,0,0,0,0,0,1,4
DoUppBatan,2011,8,56,0,0,0,0,0,4,1
DoUppBatan,2011,9,57,0,0,0,0,0,6,10
DoUppBatan,2011,10,58,0,0,0,0,0,18,14
DoUppBatan,2011,11,59,0,0,0,0,0,7,13
DoUppBatan,2011,12,60,0,0,0,0,0,11,11
DoUppBatan,2012,1,61,0,0,0,0,0,1,5
DoUppBatan,2012,2,62,0,0,0,0,0,1,2
DoUppBatan,2012,3,63,0,0,0,0,0,5,3
DoUppBatan,2012,4,64,1,0,0,0,0,3,1
DoUppBatan,2012,5,65,0,0,0,0,0,1,6
DoUppBatan,2012,6,66,0,0,0,0,0,2,3
DoUppBatan,2012,7,67,0,0,0,0,0,0,7
DoUppBatan,2012,8,68,1,0,0,0,0,3,1
DoUppBatan,2012,9,69,0,0,0,0,0,3,5
DoUppBatan,2012,10,70,0,0,0,0,0,1,2
DoUppBatan,2012,11,71,0,0,0,0,0,0,4
DoUppBatan,2012,12,72,0,0,0,0,0,0,1
DoUppBatan,2013,1,73,1,0,0,0,0,0,6
DoUppBatan,2013,2,74,0,0,0,0,0,1,5
DoUppBatan,2013,3,75,0,0,0,0,0,3,3
DoUppBatan,2013,4,76,0,0,0,0,0,1,6
DoUppBatan,2013,5,77,1,0,0,0,0,2,4
DoUppBatan,2013,6,78,0,0,0,0,0,1,4
DoUppBatan,2013,7,79,0,0,0,0,0,3,6
DoUppBatan,2013,8,80,0,0,0,0,0,1,3
DoUppBatan,2013,9,81,0,0,0,0,0,2,1
DoUppBatan,2013,10,82,0,0,0,0,0,1,1
DoUppBatan,2013,11,83,0,0,0,0,0,5,8
DoUppBatan,2013,12,84,0,0,0,0,0,4,3
DoUppBatan,2014,1,85,0,0,0,0,0,1,5
DoUppBatan,2014,2,86,0,0,0,0,0,2,2
DoUppBatan,2014,3,87,0,0,0,0,0,3,4
DoUppBatan,2014,4,88,0,0,0,0,0,2,2
DoUppBatan,2014,5,89,0,0,0,0,0,1,9
DoUppBatan,2014,6,90,0,0,0,0,0,2,3
DoUppBatan,2014,7,91,0,0,0,0,0,2,3
DoUppBatan,2014,8,92,0,0,0,0,0,5,2
DoUppBatan,2014,9,93,0,0,0,0,0,1,2
DoUppBatan,2014,10,94,0,0,0,0,0,3,2
DoUppBatan,2014,11,95,0,0,0,0,0,4,2
DoUppBatan,2014,12,96,0,0,0,0,0,6,4
DoUppBatan,2015,1,97,0,0,0,0,0,4,7
DoUppBatan,2015,2,98,0,0,0,0,0,2,2
DoUppBatan,2015,3,99,0,0,0,0,0,4,3
DoUppBatan,2015,4,100,1,0,0,0,0,2,3
DoUppBatan,2015,5,101,0,0,0,0,0,3,4
DoUppBatan,2015,6,102,0,0,0,0,0,0,2
DoUppBatan,2015,7,103,0,0,0,0,0,1,2
DoUppBatan,2015,8,104,0,0,0,0,0,1,0
DoUppBatan,2015,9,105,0,0,0,0,0,0,3
DoUppBatan,2015,10,106,0,0,0,0,0,7,3
DoUppBatan,2015,11,107,1,0,0,0,0,3,1
DoUppBatan,2015,12,108,0,0,0,0,0,2,2
DoUppBatan,2016,1,109,0,0,0,0,0,3,3
DoUppBatan,2016,2,110,1,0,0,0,0,3,2
DoUppBatan,2016,3,111,0,0,0,0,0,2,2
DoUppBatan,2016,4,112,0,0,0,0,0,2,1
DoUppBatan,2016,5,113,0,0,0,0,0,6,4
DoUppBatan,2016,6,114,0,0,0,0,0,3,3
DoUppCdd,2007,1,1,3,0,0,0,0,25,8
DoUppCdd,2007,2,2,1,0,0,0,0,21,5
DoUppCdd,2007,3,3,3,0,0,0,0,44,12
DoUppCdd,2007,4,4,8,0,0,0,0,33,11
DoUppCdd,2007,5,5,0,0,0,0,0,27,13
DoUppCdd,2007,6,6,1,0,0,0,0,23,11
DoUppCdd,2007,7,7,0,0,0,0,0,22,7
DoUppCdd,2007,8,8,1,0,0,0,0,25,6
DoUppCdd,2007,9,9,2,0,0,0,0,31,15
DoUppCdd,2007,10,10,0,0,0,0,0,19,20
DoUppCdd,2007,11,11,5,0,0,0,0,29,12
DoUppCdd,2007,12,12,5,0,0,0,0,35,14
DoUppCdd,2008,1,13,4,0,0,0,0,64,28
DoUppCdd,2008,2,14,3,0,0,0,0,55,20
DoUppCdd,2008,3,15,8,0,0,0,0,56,22
DoUppCdd,2008,4,16,2,0,0,0,0,47,25
DoUppCdd,2008,5,17,2,0,0,0,0,49,24
DoUppCdd,2008,6,18,5,0,1,0,0,45,21
DoUppCdd,2008,7,19,4,0,0,0,0,63,15
DoUppCdd,2008,8,20,5,0,0,0,0,64,31
DoUppCdd,2008,9,21,0,0,0,0,0,46,23
DoUppCdd,2008,10,22,1,0,0,0,0,51,27
DoUppCdd,2008,11,23,0,0,0,0,0,44,20
DoUppCdd,2008,12,24,2,0,0,0,0,34,27
DoUppCdd,2009,1,25,0,0,0,0,0,39,37
DoUppCdd,2009,2,26,1,0,0,0,0,23,31
DoUppCdd,2009,3,27,0,0,0,0,0,22,29
DoUppCdd,2009,4,28,1,0,0,0,0,26,30
DoUppCdd,2009,5,29,1,0,0,0,0,29,30
DoUppCdd,2009,6,30,2,0,0,0,0,33,28
DoUppCdd,2009,7,31,2,0,0,0,0,39,24
DoUppCdd,2009,8,32,1,0,0,0,0,15,21
DoUppCdd,2009,9,33,0,0,0,0,0,16,21
DoUppCdd,2009,10,34,1,0,0,0,0,26,23
DoUppCdd,2009,11,35,2,0,0,0,0,16,14
DoUppCdd,2009,12,36,1,0,0,0,0,24,25
DoUppCdd,2010,1,37,0,0,0,0,0,15,23
DoUppCdd,2010,2,38,2,0,0,0,0,18,27
DoUppCdd,2010,3,39,0,0,0,0,0,22,27
DoUppCdd,2010,4,40,1,0,0,0,0,32,23
DoUppCdd,2010,5,41,0,0,0,0,0,23,27
DoUppCdd,2010,6,42,0,0,0,0,0,31,27
DoUppCdd,2010,7,43,0,0,0,0,0,12,21
DoUppCdd,2010,8,44,0,0,0,0,0,21,24
DoUppCdd,2010,9,45,1,0,0,0,0,15,19
DoUppCdd,2010,10,46,2,0,0,0,0,22,30
DoUppCdd,2010,11,47,1,0,0,0,0,24,26
DoUppCdd,2010,12,48,1,0,0,0,0,13,26
DoUppCdd,2011,1,49,1,0,0,0,0,12,18
DoUppCdd,2011,2,50,0,0,0,0,0,14,25
DoUppCdd,2011,3,51,0,0,0,0,0,6,22
DoUppCdd,2011,4,52,0,0,0,0,0,8,23
DoUppCdd,2011,5,53,0,0,0,0,0,9,22
DoUppCdd,2011,6,54,2,0,0,0,0,2,20
DoUppCdd,2011,7,55,1,0,0,0,0,15,18
DoUppCdd,2011,8,56,0,0,0,0,0,10,22
DoUppCdd,2011,9,57,1,0,0,0,0,7,24
DoUppCdd,2011,10,58,1,0,0,0,0,7,22
DoUppCdd,2011,11,59,0,0,0,0,0,4,17
DoUppCdd,2011,12,60,0,0,0,0,0,9,19
DoUppCdd,2012,1,61,1,0,0,0,0,10,19
DoUppCdd,2012,2,62,1,0,0,0,0,7,18
DoUppCdd,2012,3,63,0,0,0,0,0,1,18
DoUppCdd,2012,4,64,0,0,0,0,0,7,20
DoUppCdd,2012,5,65,1,0,0,0,0,8,26
DoUppCdd,2012,6,66,0,0,0,0,0,5,18
DoUppCdd,2012,7,67,0,0,0,0,0,4,29
DoUppCdd,2012,8,68,0,0,0,0,0,5,20
DoUppCdd,2012,9,69,0,0,0,0,0,6,17
DoUppCdd,2012,10,70,0,0,0,0,0,4,23
DoUppCdd,2012,11,71,0,0,0,0,0,3,26
DoUppCdd,2012,12,72,2,0,0,0,0,5,24
DoUppCdd,2013,1,73,0,0,0,0,0,3,19
DoUppCdd,2013,2,74,0,0,0,0,0,2,13
DoUppCdd,2013,3,75,0,0,0,0,0,7,22
DoUppCdd,2013,4,76,0,0,0,0,0,5,17
DoUppCdd,2013,5,77,0,0,0,0,0,16,14
DoUppCdd,2013,6,78,0,0,0,0,0,8,23
DoUppCdd,2013,7,79,0,0,0,0,0,6,19
DoUppCdd,2013,8,80,1,0,0,0,0,3,19
DoUppCdd,2013,9,81,1,0,0,0,0,12,23
DoUppCdd,2013,10,82,1,0,0,1,0,12,18
DoUppCdd,2013,11,83,0,0,0,0,0,14,17
DoUppCdd,2013,12,84,1,0,0,0,0,13,20
DoUppCdd,2014,1,85,2,0,0,0,0,10,21
DoUppCdd,2014,2,86,1,0,0,0,0,9,24
DoUppCdd,2014,3,87,1,0,0,0,0,12,19
DoUppCdd,2014,4,88,0,0,0,0,0,13,29
DoUppCdd,2014,5,89,0,0,0,0,0,13,20
DoUppCdd,2014,6,90,2,0,0,0,0,8,21
DoUppCdd,2014,7,91,0,0,0,0,0,8,14
DoUppCdd,2014,8,92,1,0,0,0,0,3,17
DoUppCdd,2014,9,93,2,0,0,0,0,4,14
DoUppCdd,2014,10,94,0,0,0,0,0,13,16
DoUppCdd,2014,11,95,0,0,0,0,0,10,16
DoUppCdd,2014,12,96,2,0,0,0,0,11,18
DoUppCdd,2015,1,97,1,0,0,1,0,9,25
DoUppCdd,2015,2,98,2,0,0,1,0,10,19
DoUppCdd,2015,3,99,1,0,0,0,0,5,16
DoUppCdd,2015,4,100,0,0,0,0,0,9,27
DoUppCdd,2015,5,101,0,0,0,0,0,4,19
DoUppCdd,2015,6,102,0,0,0,0,0,8,20
DoUppCdd,2015,7,103,0,0,0,0,0,5,13
DoUppCdd,2015,8,104,1,0,0,0,0,11,14
DoUppCdd,2015,9,105,0,0,0,0,0,7,18
DoUppCdd,2015,10,106,0,0,0,0,0,12,12
DoUppCdd,2015,11,107,1,0,0,0,0,5,28
DoUppCdd,2015,12,108,4,0,0,0,0,18,22
DoUppCdd,2016,1,109,0,0,0,0,0,14,13
DoUppCdd,2016,2,110,1,0,0,0,0,15,11
DoUppCdd,2016,3,111,2,0,0,1,0,6,21
DoUppCdd,2016,4,112,1,0,0,0,0,6,14
DoUppCdd,2016,5,113,0,0,0,0,0,7,27
DoUppCdd,2016,6,114,1,0,0,0,0,10,15
DoUppChapeuMangueiraEBabilonia,2007,1,1,0,0,0,0,0,0,1
DoUppChapeuMangueiraEBabilonia,2007,2,2,0,0,0,0,0,0,0
DoUppChapeuMangueiraEBabilonia,2007,3,3,0,0,0,0,0,0,0
DoUppChapeuMangueiraEBabilonia,2007,4,4,2,0,0,0,0,0,0
DoUppChapeuMangueiraEBabilonia,2007,5,5,0,0,0,0,0,0,0
DoUppChapeuMangueiraEBabilonia,2007,6,6,0,0,0,0,0,1,0
DoUppChapeuMangueiraEBabilonia,2007,7,7,0,0,0,0,0,0,1
DoUppChapeuMangueiraEBabilonia,2007,8,8,0,0,0,0,0,0,1
DoUppChapeuMangueiraEBabilonia,2007,9,9,0,0,0,0,0,1,1
DoUppChapeuMangueiraEBabilonia,2007,10,10,0,0,0,0,0,0,1
DoUppChapeuMangueiraEBabilonia,2007,11,11,0,0,0,0,0,0,0
DoUppChapeuMangueiraEBabilonia,2007,12,12,0,0,0,0,0,0,0
DoUppChapeuMangueiraEBabilonia,2008,1,13,0,0,0,0,0,0,0
DoUppChapeuMangueiraEBabilonia,2008,2,14,0,0,0,0,0,0,0
DoUppChapeuMangueiraEBabilonia,2008,3,15,0,0,0,0,0,0,2
DoUppChapeuMangueiraEBabilonia,2008,4,16,0,0,0,0,0,0,0
DoUppChapeuMangueiraEBabilonia,2008,5,17,0,0,0,0,0,0,0
DoUppChapeuMangueiraEBabilonia,2008,6,18,0,0,0,0,0,0,0
DoUppChapeuMangueiraEBabilonia,2008,7,19,0,0,0,0,0,0,1
DoUppChapeuMangueiraEBabilonia,2008,8,20,0,0,0,0,0,0,0
DoUppChapeuMangueiraEBabilonia,2008,9,21,0,0,0,0,0,0,2
DoUppChapeuMangueiraEBabilonia,2008,10,22,0,0,0,0,0,0,1
DoUppChapeuMangueiraEBabilonia,2008,11,23,0,0,0,0,0,0,0
DoUppChapeuMangueiraEBabilonia,2008,12,24,0,0,0,0,0,0,0
DoUppChapeuMangueiraEBabilonia,2009,1,25,0,0,0,0,0,1,1
DoUppChapeuMangueiraEBabilonia,2009,2,26,0,0,0,0,0,0,1
DoUppChapeuMangueiraEBabilonia,2009,3,27,0,0,0,0,0,0,0
DoUppChapeuMangueiraEBabilonia,2009,4,28,0,0,0,0,0,0,1
DoUppChapeuMangueiraEBabilonia,2009,5,29,0,0,0,0,0,0,0
DoUppChapeuMangueiraEBabilonia,2009,6,30,0,0,0,0,0,0,0
DoUppChapeuMangueiraEBabilonia,2009,7,31,0,0,0,0,0,0,0
DoUppChapeuMangueiraEBabilonia,2009,8,32,0,0,0,0,0,0,1
DoUppChapeuMangueiraEBabilonia,2009,9,33,0,0,0,0,0,0,1
DoUppChapeuMangueiraEBabilonia,2009,10,34,0,0,0,0,0,0,0
DoUppChapeuMangueiraEBabilonia,2009,11,35,0,0,0,0,0,0,2
DoUppChapeuMangueiraEBabilonia,2009,12,36,0,0,0,0,0,1,0
DoUppChapeuMangueiraEBabilonia,2010,1,37,0,0,0,0,0,0,1
DoUppChapeuMangueiraEBabilonia,2010,2,38,0,0,0,0,0,0,2
DoUppChapeuMangueiraEBabilonia,2010,3,39,0,0,0,0,0,1,2
DoUppChapeuMangueiraEBabilonia,2010,4,40,0,0,0,0,0,0,2
DoUppChapeuMangueiraEBabilonia,2010,5,41,0,0,0,0,0,0,0
DoUppChapeuMangueiraEBabilonia,2010,6,42,0,0,0,0,0,0,1
DoUppChapeuMangueiraEBabilonia,2010,7,43,0,0,0,0,0,0,1
DoUppChapeuMangueiraEBabilonia,2010,8,44,0,0,0,0,0,0,2
DoUppChapeuMangueiraEBabilonia,2010,9,45,0,0,0,0,0,0,1
DoUppChapeuMangueiraEBabilonia,2010,10,46,0,0,0,0,0,0,0
DoUppChapeuMangueiraEBabilonia,2010,11,47,0,0,0,0,0,0,0
DoUppChapeuMangueiraEBabilonia,2010,12,48,0,0,0,0,0,0,2
DoUppChapeuMangueiraEBabilonia,2011,1,49,0,0,0,0,0,0,1
DoUppChapeuMangueiraEBabilonia,2011,2,50,0,0,0,0,0,0,1
DoUppChapeuMangueiraEBabilonia,2011,3,51,0,0,0,0,0,0,1
DoUppChapeuMangueiraEBabilonia,2011,4,52,0,0,0,0,0,0,6
DoUppChapeuMangueiraEBabilonia,2011,5,53,0,0,0,0,0,0,0
DoUppChapeuMangueiraEBabilonia,2011,6,54,0,0,0,0,0,0,1
DoUppChapeuMangueiraEBabilonia,2011,7,55,1,0,0,0,0,0,1
DoUppChapeuMangueiraEBabilonia,2011,8,56,0,0,0,0,0,0,1
DoUppChapeuMangueiraEBabilonia,2011,9,57,0,0,0,0,0,0,0
DoUppChapeuMangueiraEBabilonia,2011,10,58,0,0,0,0,0,0,1
DoUppChapeuMangueiraEBabilonia,2011,11,59,0,0,0,0,0,0,1
DoUppChapeuMangueiraEBabilonia,2011,12,60,0,0,0,0,0,0,3
DoUppChapeuMangueiraEBabilonia,2012,1,61,0,0,0,0,0,0,1
DoUppChapeuMangueiraEBabilonia,2012,2,62,0,0,0,0,0,1,2
DoUppChapeuMangueiraEBabilonia,2012,3,63,0,0,0,0,0,0,3
DoUppChapeuMangueiraEBabilonia,2012,4,64,0,0,0,0,0,0,2
DoUppChapeuMangueiraEBabilonia,2012,5,65,0,0,0,0,0,0,0
DoUppChapeuMangueiraEBabilonia,2012,6,66,0,0,0,0,0,0,2
DoUppChapeuMangueiraEBabilonia,2012,7,67,0,0,0,0,0,0,0
DoUppChapeuMangueiraEBabilonia,2012,8,68,0,0,0,0,0,0,1
DoUppChapeuMangueiraEBabilonia,2012,9,69,0,0,0,0,0,0,1
DoUppChapeuMangueiraEBabilonia,2012,10,70,0,0,0,0,0,0,3
DoUppChapeuMangueiraEBabilonia,2012,11,71,0,0,0,0,0,0,3
DoUppChapeuMangueiraEBabilonia,2012,12,72,0,0,0,0,0,0,0
DoUppChapeuMangueiraEBabilonia,2013,1,73,0,0,0,0,0,0,1
DoUppChapeuMangueiraEBabilonia,2013,2,74,0,0,0,0,0,0,0
DoUppChapeuMangueiraEBabilonia,2013,3,75,0,0,0,0,0,0,3
DoUppChapeuMangueiraEBabilonia,2013,4,76,0,0,0,0,0,0,0
DoUppChapeuMangueiraEBabilonia,2013,5,77,0,0,0,0,0,0,1
DoUppChapeuMangueiraEBabilonia,2013,6,78,0,0,0,0,0,1,1
DoUppChapeuMangueiraEBabilonia,2013,7,79,0,0,0,0,0,0,3
DoUppChapeuMangueiraEBabilonia,2013,8,80,0,0,0,0,0,0,3
DoUppChapeuMangueiraEBabilonia,2013,9,81,0,0,0,0,0,0,1
DoUppChapeuMangueiraEBabilonia,2013,10,82,0,0,0,0,0,0,1
DoUppChapeuMangueiraEBabilonia,2013,11,83,0,0,0,0,0,1,1
DoUppChapeuMangueiraEBabilonia,2013,12,84,0,0,0,0,0,0,0
DoUppChapeuMangueiraEBabilonia,2014,1,85,0,0,0,0,0,0,1
DoUppChapeuMangueiraEBabilonia,2014,2,86,0,0,0,0,0,0,1
DoUppChapeuMangueiraEBabilonia,2014,3,87,0,0,0,0,0,0,1
DoUppChapeuMangueiraEBabilonia,2014,4,88,0,0,0,0,0,0,3
DoUppChapeuMangueiraEBabilonia,2014,5,89,0,0,0,0,0,0,2
DoUppChapeuMangueiraEBabilonia,2014,6,90,0,0,0,0,0,0,1
DoUppChapeuMangueiraEBabilonia,2014,7,91,0,0,0,0,0,1,2
DoUppChapeuMangueiraEBabilonia,2014,8,92,0,0,0,0,0,0,2
DoUppChapeuMangueiraEBabilonia,2014,9,93,0,0,0,0,0,0,2
DoUppChapeuMangueiraEBabilonia,2014,10,94,0,0,0,0,0,0,3
DoUppChapeuMangueiraEBabilonia,2014,11,95,0,0,0,0,0,0,0
DoUppChapeuMangueiraEBabilonia,2014,12,96,0,0,0,0,0,0,3
DoUppChapeuMangueiraEBabilonia,2015,1,97,0,0,0,0,0,0,1
DoUppChapeuMangueiraEBabilonia,2015,2,98,0,0,0,0,0,0,5
DoUppChapeuMangueiraEBabilonia,2015,3,99,0,0,0,0,0,0,4
DoUppChapeuMangueiraEBabilonia,2015,4,100,0,0,0,0,0,0,4
DoUppChapeuMangueiraEBabilonia,2015,5,101,0,0,0,0,0,0,0
DoUppChapeuMangueiraEBabilonia,2015,6,102,0,0,0,0,0,0,2
DoUppChapeuMangueiraEBabilonia,2015,7,103,0,0,0,0,0,0,1
DoUppChapeuMangueiraEBabilonia,2015,8,104,2,0,0,0,0,0,0
DoUppChapeuMangueiraEBabilonia,2015,9,105,0,0,0,0,0,0,2
DoUppChapeuMangueiraEBabilonia,2015,10,106,0,0,0,0,0,0,2
DoUppChapeuMangueiraEBabilonia,2015,11,107,0,0,0,0,0,2,2
DoUppChapeuMangueiraEBabilonia,2015,12,108,0,0,0,0,0,0,1
DoUppChapeuMangueiraEBabilonia,2016,1,109,0,0,0,0,0,0,3
DoUppChapeuMangueiraEBabilonia,2016,2,110,1,0,0,0,0,0,2
DoUppChapeuMangueiraEBabilonia,2016,3,111,4,0,0,0,0,0,1
DoUppChapeuMangueiraEBabilonia,2016,4,112,0,0,0,0,0,0,0
DoUppChapeuMangueiraEBabilonia,2016,5,113,0,0,0,0,0,0,1
DoUppChapeuMangueiraEBabilonia,2016,6,114,0,0,0,0,0,0,8
DoUppPavaoPavaozinho,2007,1,1,0,0,0,0,0,2,1
DoUppPavaoPavaozinho,2007,2,2,0,0,0,0,0,1,0
DoUppPavaoPavaozinho,2007,3,3,0,0,0,0,0,0,2
DoUppPavaoPavaozinho,2007,4,4,0,0,0,0,0,2,2
DoUppPavaoPavaozinho,2007,5,5,0,0,0,0,0,1,2
DoUppPavaoPavaozinho,2007,6,6,0,0,0,0,0,0,1
DoUppPavaoPavaozinho,2007,7,7,0,0,0,0,0,1,0
DoUppPavaoPavaozinho,2007,8,8,2,0,0,0,0,1,1
DoUppPavaoPavaozinho,2007,9,9,0,0,0,0,0,1,1
DoUppPavaoPavaozinho,2007,10,10,0,0,0,0,0,3,3
DoUppPavaoPavaozinho,2007,11,11,0,0,0,0,0,1,2
DoUppPavaoPavaozinho,2007,12,12,0,0,0,0,0,1,1
DoUppPavaoPavaozinho,2008,1,13,0,0,0,0,0,0,1
DoUppPavaoPavaozinho,2008,2,14,0,0,0,0,0,2,3
DoUppPavaoPavaozinho,2008,3,15,0,0,0,0,0,1,1
DoUppPavaoPavaozinho,2008,4,16,0,0,0,0,0,2,4
DoUppPavaoPavaozinho,2008,5,17,0,0,0,0,0,1,0
DoUppPavaoPavaozinho,2008,6,18,0,0,0,0,0,0,0
DoUppPavaoPavaozinho,2008,7,19,0,0,0,0,0,3,1
DoUppPavaoPavaozinho,2008,8,20,0,0,0,0,0,2,2
DoUppPavaoPavaozinho,2008,9,21,0,0,0,0,0,2,1
DoUppPavaoPavaozinho,2008,10,22,0,0,0,0,0,1,2
DoUppPavaoPavaozinho,2008,11,23,1,0,0,0,0,0,1
DoUppPavaoPavaozinho,2008,12,24,0,0,0,0,0,1,1
DoUppPavaoPavaozinho,2009,1,25,0,0,0,0,0,1,0
DoUppPavaoPavaozinho,2009,2,26,0,0,0,0,0,0,1
DoUppPavaoPavaozinho,2009,3,27,0,0,0,0,0,0,3
DoUppPavaoPavaozinho,2009,4,28,0,0,0,0,0,0,1
DoUppPavaoPavaozinho,2009,5,29,1,0,0,0,0,0,2
DoUppPavaoPavaozinho,2009,6,30,0,0,0,0,0,1,2
DoUppPavaoPavaozinho,2009,7,31,0,0,0,0,0,0,2
DoUppPavaoPavaozinho,2009,8,32,0,0,0,0,0,2,2
DoUppPavaoPavaozinho,2009,9,33,0,0,0,0,0,0,1
DoUppPavaoPavaozinho,2009,10,34,0,0,0,0,0,0,3
DoUppPavaoPavaozinho,2009,11,35,0,0,0,0,0,0,3
DoUppPavaoPavaozinho,2009,12,36,0,0,0,0,0,0,1
DoUppPavaoPavaozinho,2010,1,37,0,0,0,0,0,0,3
DoUppPavaoPavaozinho,2010,2,38,0,0,0,0,0,0,3
DoUppPavaoPavaozinho,2010,3,39,0,0,0,0,0,1,4
DoUppPavaoPavaozinho,2010,4,40,0,0,0,0,0,2,4
DoUppPavaoPavaozinho,2010,5,41,0,0,0,0,0,1,5
DoUppPavaoPavaozinho,2010,6,42,0,0,0,0,0,0,1
DoUppPavaoPavaozinho,2010,7,43,0,0,0,0,0,0,4
DoUppPavaoPavaozinho,2010,8,44,0,0,0,0,0,0,2
DoUppPavaoPavaozinho,2010,9,45,0,0,0,0,0,0,3
DoUppPavaoPavaozinho,2010,10,46,0,0,0,0,0,0,3
DoUppPavaoPavaozinho,2010,11,47,0,0,0,0,0,0,5
DoUppPavaoPavaozinho,2010,12,48,0,0,0,0,0,0,7
DoUppPavaoPavaozinho,2011,1,49,0,0,0,0,0,0,2
DoUppPavaoPavaozinho,2011,2,50,0,0,0,0,0,0,4
DoUppPavaoPavaozinho,2011,3,51,0,0,0,0,0,0,5
DoUppPavaoPavaozinho,2011,4,52,0,0,0,0,0,0,2
DoUppPavaoPavaozinho,2011,5,53,0,0,0,0,0,0,2
DoUppPavaoPavaozinho,2011,6,54,0,0,0,0,0,0,4
DoUppPavaoPavaozinho,2011,7,55,0,0,0,0,0,0,3
DoUppPavaoPavaozinho,2011,8,56,0,0,0,0,0,0,2
DoUppPavaoPavaozinho,2011,9,57,0,0,0,0,0,0,2
DoUppPavaoPavaozinho,2011,10,58,0,0,0,0,0,0,1
DoUppPavaoPavaozinho,2011,11,59,0,0,0,0,0,0,1
DoUppPavaoPavaozinho,2011,12,60,0,0,0,0,0,0,1
DoUppPavaoPavaozinho,2012,1,61,0,0,0,0,0,0,4
DoUppPavaoPavaozinho,2012,2,62,0,0,0,0,0,1,5
DoUppPavaoPavaozinho,2012,3,63,0,0,0,0,0,0,5
DoUppPavaoPavaozinho,2012,4,64,0,0,0,0,0,1,5
DoUppPavaoPavaozinho,2012,5,65,0,0,0,0,0,1,1
DoUppPavaoPavaozinho,2012,6,66,0,0,0,0,0,0,3
DoUppPavaoPavaozinho,2012,7,67,0,0,0,0,0,0,6
DoUppPavaoPavaozinho,2012,8,68,0,0,0,0,0,0,3
DoUppPavaoPavaozinho,2012,9,69,1,0,0,0,0,0,7
DoUppPavaoPavaozinho,2012,10,70,0,0,0,0,0,0,7
DoUppPavaoPavaozinho,2012,11,71,0,0,0,0,0,0,6
DoUppPavaoPavaozinho,2012,12,72,0,0,0,0,0,1,1
DoUppPavaoPavaozinho,2013,1,73,0,0,0,0,0,0,4
DoUppPavaoPavaozinho,2013,2,74,0,0,0,0,0,1,3
DoUppPavaoPavaozinho,2013,3,75,0,0,0,0,0,1,3
DoUppPavaoPavaozinho,2013,4,76,0,0,0,0,0,0,5
DoUppPavaoPavaozinho,2013,5,77,0,0,0,0,0,0,6
DoUppPavaoPavaozinho,2013,6,78,0,0,0,0,0,0,4
DoUppPavaoPavaozinho,2013,7,79,0,0,0,0,0,0,2
DoUppPavaoPavaozinho,2013,8,80,0,0,0,0,0,0,4
DoUppPavaoPavaozinho,2013,9,81,0,0,0,0,0,0,1
DoUppPavaoPavaozinho,2013,10,82,1,0,0,0,0,1,1
DoUppPavaoPavaozinho,2013,11,83,0,0,0,0,0,0,3
DoUppPavaoPavaozinho,2013,12,84,0,0,0,0,0,0,2
DoUppPavaoPavaozinho,2014,1,85,0,0,0,0,0,1,4
DoUppPavaoPavaozinho,2014,2,86,0,0,0,0,0,1,5
DoUppPavaoPavaozinho,2014,3,87,0,0,0,0,0,1,4
DoUppPavaoPavaozinho,2014,4,88,0,0,0,0,0,1,2
DoUppPavaoPavaozinho,2014,5,89,0,0,0,0,0,2,2
DoUppPavaoPavaozinho,2014,6,90,0,0,0,0,0,0,3
DoUppPavaoPavaozinho,2014,7,91,0,0,0,0,0,1,3
DoUppPavaoPavaozinho,2014,8,92,0,0,0,0,0,2,3
DoUppPavaoPavaozinho,2014,9,93,0,0,0,0,0,1,4
DoUppPavaoPavaozinho,2014,10,94,0,0,0,0,0,2,4
DoUppPavaoPavaozinho,2014,11,95,0,0,0,0,0,1,6
DoUppPavaoPavaozinho,2014,12,96,0,0,0,0,0,1,4
DoUppPavaoPavaozinho,2015,1,97,0,0,0,0,0,1,6
DoUppPavaoPavaozinho,2015,2,98,0,0,0,0,0,0,5
DoUppPavaoPavaozinho,2015,3,99,0,0,0,0,0,1,4
DoUppPavaoPavaozinho,2015,4,100,0,0,0,0,0,0,3
DoUppPavaoPavaozinho,2015,5,101,0,0,0,0,0,0,4
DoUppPavaoPavaozinho,2015,6,102,0,0,0,0,0,2,3
DoUppPavaoPavaozinho,2015,7,103,0,0,0,0,0,0,3
DoUppPavaoPavaozinho,2015,8,104,0,0,0,0,0,0,4
DoUppPavaoPavaozinho,2015,9,105,0,0,0,0,0,2,3
DoUppPavaoPavaozinho,2015,10,106,0,0,0,0,0,0,7
DoUppPavaoPavaozinho,2015,11,107,0,0,0,0,0,1,3
DoUppPavaoPavaozinho,2015,12,108,0,0,0,0,0,2,6
DoUppPavaoPavaozinho,2016,1,109,0,0,0,0,0,1,4
DoUppPavaoPavaozinho,2016,2,110,0,0,0,0,0,0,5
DoUppPavaoPavaozinho,2016,3,111,0,0,0,0,0,0,4
DoUppPavaoPavaozinho,2016,4,112,0,0,0,0,0,0,2
DoUppPavaoPavaozinho,2016,5,113,0,0,0,0,0,1,1
DoUppPavaoPavaozinho,2016,6,114,0,0,0,0,0,0,1
DoUppTabajaras,2007,1,1,0,0,0,0,0,0,0
DoUppTabajaras,2007,2,2,0,0,0,0,0,0,0
DoUppTabajaras,2007,3,3,0,0,0,0,0,0,3
DoUppTabajaras,2007,4,4,0,0,0,0,0,1,1
DoUppTabajaras,2007,5,5,0,0,0,0,0,0,0
DoUppTabajaras,2007,6,6,0,0,0,0,0,0,3
DoUppTabajaras,2007,7,7,0,0,0,0,0,0,1
DoUppTabajaras,2007,8,8,0,0,0,0,0,2,1
DoUppTabajaras,2007,9,9,0,0,0,0,0,0,0
DoUppTabajaras,2007,10,10,0,0,0,0,0,2,1
DoUppTabajaras,2007,11,11,1,0,0,0,0,0,1
DoUppTabajaras,2007,12,12,0,0,0,0,0,0,2
DoUppTabajaras,2008,1,13,0,0,0,0,0,0,2
DoUppTabajaras,2008,2,14,0,0,0,0,0,1,2
DoUppTabajaras,2008,3,15,0,0,0,0,0,0,1
DoUppTabajaras,2008,4,16,0,0,0,0,0,2,1
DoUppTabajaras,2008,5,17,0,0,0,0,0,0,3
DoUppTabajaras,2008,6,18,0,0,0,0,0,0,0
DoUppTabajaras,2008,7,19,0,0,0,0,0,2,1
DoUppTabajaras,2008,8,20,0,0,0,0,0,0,3
DoUppTabajaras,2008,9,21,0,0,0,0,0,0,2
DoUppTabajaras,2008,10,22,0,0,0,0,0,3,1
DoUppTabajaras,2008,11,23,0,0,0,0,0,0,1
DoUppTabajaras,2008,12,24,1,0,0,0,0,0,0
DoUppTabajaras,2009,1,25,0,0,0,0,0,0,0
DoUppTabajaras,2009,2,26,0,0,0,0,0,0,2
DoUppTabajaras,2009,3,27,1,0,0,0,0,1,0
DoUppTabajaras,2009,4,28,0,0,0,0,0,0,0
DoUppTabajaras,2009,5,29,0,0,0,0,0,0,0
DoUppTabajaras,2009,6,30,0,0,0,0,0,1,2
DoUppTabajaras,2009,7,31,0,0,0,0,0,0,1
DoUppTabajaras,2009,8,32,0,0,0,0,0,1,1
DoUppTabajaras,2009,9,33,0,0,0,0,0,0,2
DoUppTabajaras,2009,10,34,0,0,0,0,0,0,0
DoUppTabajaras,2009,11,35,0,0,0,0,0,0,1
DoUppTabajaras,2009,12,36,0,0,0,0,0,0,2
DoUppTabajaras,2010,1,37,0,0,0,0,0,0,6
DoUppTabajaras,2010,2,38,0,0,0,0,0,0,2
DoUppTabajaras,2010,3,39,0,0,0,0,0,1,4
DoUppTabajaras,2010,4,40,2,0,0,0,0,0,0
DoUppTabajaras,2010,5,41,0,0,0,0,0,0,1
DoUppTabajaras,2010,6,42,0,0,0,0,0,0,0
DoUppTabajaras,2010,7,43,0,0,0,0,0,0,2
DoUppTabajaras,2010,8,44,0,0,0,0,0,0,1
DoUppTabajaras,2010,9,45,0,0,0,0,0,0,2
DoUppTabajaras,2010,10,46,0,0,0,0,0,0,2
DoUppTabajaras,2010,11,47,0,0,0,0,0,0,0
DoUppTabajaras,2010,12,48,0,0,0,0,0,0,2
DoUppTabajaras,2011,1,49,0,0,0,0,0,0,5
DoUppTabajaras,2011,2,50,0,0,0,0,0,0,4
DoUppTabajaras,2011,3,51,0,0,0,0,0,0,2
DoUppTabajaras,2011,4,52,0,0,0,0,0,0,3
DoUppTabajaras,2011,5,53,0,0,0,0,0,0,4
DoUppTabajaras,2011,6,54,0,0,0,0,0,0,2
DoUppTabajaras,2011,7,55,0,0,0,0,0,0,3
DoUppTabajaras,2011,8,56,0,0,0,0,0,0,2
DoUppTabajaras,2011,9,57,0,0,0,0,0,0,3
DoUppTabajaras,2011,10,58,0,0,0,0,0,2,1
DoUppTabajaras,2011,11,59,0,0,0,0,0,0,3
DoUppTabajaras,2011,12,60,0,0,0,0,0,0,3
DoUppTabajaras,2012,1,61,0,0,0,0,0,0,2
DoUppTabajaras,2012,2,62,0,0,0,0,0,0,2
DoUppTabajaras,2012,3,63,0,0,0,0,0,0,1
DoUppTabajaras,2012,4,64,0,0,0,0,0,0,3
DoUppTabajaras,2012,5,65,0,0,0,0,0,0,0
DoUppTabajaras,2012,6,66,0,0,0,0,0,0,2
DoUppTabajaras,2012,7,67,0,0,0,0,0,0,4
DoUppTabajaras,2012,8,68,0,0,0,0,0,0,6
DoUppTabajaras,2012,9,69,0,0,0,0,0,1,6
DoUppTabajaras,2012,10,70,0,0,0,0,0,0,3
DoUppTabajaras,2012,11,71,0,0,0,0,0,0,1
DoUppTabajaras,2012,12,72,0,0,0,0,0,0,1
DoUppTabajaras,2013,1,73,0,0,0,0,0,1,4
DoUppTabajaras,2013,2,74,0,0,0,0,0,0,2
DoUppTabajaras,2013,3,75,0,0,0,0,0,0,2
DoUppTabajaras,2013,4,76,0,0,0,0,0,0,7
DoUppTabajaras,2013,5,77,0,0,0,0,0,0,4
DoUppTabajaras,2013,6,78,0,0,0,0,0,0,6
DoUppTabajaras,2013,7,79,0,0,0,0,0,0,4
DoUppTabajaras,2013,8,80,0,0,0,0,0,0,4
DoUppTabajaras,2013,9,81,0,0,0,0,0,1,1
DoUppTabajaras,2013,10,82,0,0,0,0,0,0,4
DoUppTabajaras,2013,11,83,1,0,0,0,0,0,4
DoUppTabajaras,2013,12,84,0,0,0,0,0,0,3
DoUppTabajaras,2014,1,85,0,0,0,0,0,1,4
DoUppTabajaras,2014,2,86,0,0,0,0,0,1,3
DoUppTabajaras,2014,3,87,2,0,0,0,0,0,2
DoUppTabajaras,2014,4,88,0,0,0,0,0,0,5
DoUppTabajaras,2014,5,89,0,0,0,0,0,1,5
DoUppTabajaras,2014,6,90,0,0,0,0,0,0,2
DoUppTabajaras,2014,7,91,0,0,0,0,0,1,1
DoUppTabajaras,2014,8,92,0,0,0,0,0,0,1
DoUppTabajaras,2014,9,93,0,0,0,0,0,0,3
DoUppTabajaras,2014,10,94,0,0,0,0,0,0,3
DoUppTabajaras,2014,11,95,0,0,0,0,0,0,3
DoUppTabajaras,2014,12,96,0,0,0,0,0,0,3
DoUppTabajaras,2015,1,97,1,0,0,0,0,0,4
DoUppTabajaras,2015,2,98,0,0,0,0,0,0,3
DoUppTabajaras,2015,3,99,0,0,0,0,0,0,7
DoUppTabajaras,2015,4,100,0,0,0,0,0,1,3
DoUppTabajaras,2015,5,101,0,0,0,0,0,1,3
DoUppTabajaras,2015,6,102,0,0,0,0,0,1,3
DoUppTabajaras,2015,7,103,0,0,0,0,0,0,3
DoUppTabajaras,2015,8,104,0,0,0,0,0,0,5
DoUppTabajaras,2015,9,105,0,0,0,0,0,1,2
DoUppTabajaras,2015,10,106,0,0,0,0,0,0,3
DoUppTabajaras,2015,11,107,1,0,0,0,0,3,0
DoUppTabajaras,2015,12,108,0,0,0,0,0,1,2
DoUppTabajaras,2016,1,109,0,0,0,0,0,0,2
DoUppTabajaras,2016,2,110,0,0,0,0,0,1,2
DoUppTabajaras,2016,3,111,0,0,0,0,0,0,2
DoUppTabajaras,2016,4,112,0,0,0,0,0,0,1
DoUppTabajaras,2016,5,113,1,0,0,0,0,0,5
DoUppTabajaras,2016,6,114,0,0,0,0,0,2,3
DoUppProvidencia,2007,1,1,1,0,0,0,0,1,5
DoUppProvidencia,2007,2,2,0,0,0,0,0,2,3
DoUppProvidencia,2007,3,3,0,0,0,0,0,4,4
DoUppProvidencia,2007,4,4,1,0,0,0,0,4,0
DoUppProvidencia,2007,5,5,0,0,0,0,0,1,5
DoUppProvidencia,2007,6,6,0,0,0,0,0,4,6
DoUppProvidencia,2007,7,7,0,0,0,0,0,4,6
DoUppProvidencia,2007,8,8,0,0,0,0,0,2,10
DoUppProvidencia,2007,9,9,0,0,0,0,0,2,0
DoUppProvidencia,2007,10,10,0,0,0,0,0,2,4
DoUppProvidencia,2007,11,11,0,0,0,0,0,3,4
DoUppProvidencia,2007,12,12,0,0,0,0,0,6,2
DoUppProvidencia,2008,1,13,1,0,0,0,0,6,3
DoUppProvidencia,2008,2,14,0,0,0,0,0,3,2
DoUppProvidencia,2008,3,15,0,0,0,0,0,4,6
DoUppProvidencia,2008,4,16,0,0,0,0,0,3,2
DoUppProvidencia,2008,5,17,0,0,0,0,0,3,2
DoUppProvidencia,2008,6,18,0,0,0,1,0,2,2
DoUppProvidencia,2008,7,19,0,0,0,0,0,1,1
DoUppProvidencia,2008,8,20,0,0,0,0,0,1,4
DoUppProvidencia,2008,9,21,0,0,0,0,0,0,2
DoUppProvidencia,2008,10,22,0,0,0,0,0,5,2
DoUppProvidencia,2008,11,23,0,0,0,0,0,1,2
DoUppProvidencia,2008,12,24,0,0,0,0,0,3,2
DoUppProvidencia,2009,1,25,0,0,0,0,0,5,1
DoUppProvidencia,2009,2,26,0,0,0,0,0,4,4
DoUppProvidencia,2009,3,27,0,0,0,0,0,6,6
DoUppProvidencia,2009,4,28,0,0,0,0,0,3,4
DoUppProvidencia,2009,5,29,0,0,0,0,0,0,5
DoUppProvidencia,2009,6,30,0,0,0,0,0,1,3
DoUppProvidencia,2009,7,31,0,0,0,0,0,5,1
DoUppProvidencia,2009,8,32,0,0,0,0,0,5,3
DoUppProvidencia,2009,9,33,0,0,0,0,0,2,2
DoUppProvidencia,2009,10,34,0,0,0,0,0,6,5
DoUppProvidencia,2009,11,35,0,0,0,0,0,3,3
DoUppProvidencia,2009,12,36,0,0,0,0,0,1,6
DoUppProvidencia,2010,1,37,0,0,0,0,0,3,5
DoUppProvidencia,2010,2,38,0,0,0,0,0,2,3
DoUppProvidencia,2010,3,39,0,0,0,0,0,5,7
DoUppProvidencia,2010,4,40,1,0,0,0,0,4,2
DoUppProvidencia,2010,5,41,1,0,0,0,0,6,3
DoUppProvidencia,2010,6,42,0,0,0,0,0,4,6
DoUppProvidencia,2010,7,43,0,0,0,0,0,4,3
DoUppProvidencia,2010,8,44,0,0,0,0,0,0,4
DoUppProvidencia,2010,9,45,0,0,0,0,0,3,3
DoUppProvidencia,2010,10,46,0,0,0,0,0,4,4
DoUppProvidencia,2010,11,47,1,0,0,0,0,4,5
DoUppProvidencia,2010,12,48,0,0,0,0,0,2,8
DoUppProvidencia,2011,1,49,0,0,0,0,0,4,8
DoUppProvidencia,2011,2,50,0,0,0,0,0,3,10
DoUppProvidencia,2011,3,51,0,0,0,0,0,4,6
DoUppProvidencia,2011,4,52,0,0,0,0,0,9,7
DoUppProvidencia,2011,5,53,0,0,0,0,0,3,8
DoUppProvidencia,2011,6,54,0,0,0,0,0,3,9
DoUppProvidencia,2011,7,55,0,1,0,0,0,0,7
DoUppProvidencia,2011,8,56,0,0,0,0,0,0,2
DoUppProvidencia,2011,9,57,0,0,0,0,0,3,7
DoUppProvidencia,2011,10,58,1,0,0,0,0,3,9
DoUppProvidencia,2011,11,59,0,0,0,0,0,3,7
DoUppProvidencia,2011,12,60,0,0,0,0,0,0,9
DoUppProvidencia,2012,1,61,0,0,0,0,0,2,2
DoUppProvidencia,2012,2,62,0,0,0,0,0,2,3
DoUppProvidencia,2012,3,63,0,0,0,0,0,3,1
DoUppProvidencia,2012,4,64,0,0,0,0,0,3,8
DoUppProvidencia,2012,5,65,1,0,0,0,0,2,7
DoUppProvidencia,2012,6,66,0,0,0,0,0,6,4
DoUppProvidencia,2012,7,67,0,0,0,0,0,2,3
DoUppProvidencia,2012,8,68,0,0,0,0,0,3,3
DoUppProvidencia,2012,9,69,1,0,0,0,0,1,8
DoUppProvidencia,2012,10,70,0,0,0,0,0,1,3
DoUppProvidencia,2012,11,71,0,0,0,0,0,2,2
DoUppProvidencia,2012,12,72,0,0,0,0,0,0,1
DoUppProvidencia,2013,1,73,0,0,0,0,0,2,7
DoUppProvidencia,2013,2,74,0,0,0,0,0,1,5
DoUppProvidencia,2013,3,75,0,0,0,0,0,1,5
DoUppProvidencia,2013,4,76,0,0,0,0,0,2,2
DoUppProvidencia,2013,5,77,1,0,0,0,0,0,2
DoUppProvidencia,2013,6,78,0,0,0,0,0,2,6
DoUppProvidencia,2013,7,79,0,0,0,0,0,2,4
DoUppProvidencia,2013,8,80,1,0,0,0,0,4,3
DoUppProvidencia,2013,9,81,0,0,0,0,0,1,7
DoUppProvidencia,2013,10,82,0,0,0,0,0,1,2
DoUppProvidencia,2013,11,83,0,0,0,0,0,3,5
DoUppProvidencia,2013,12,84,0,0,0,0,0,1,8
DoUppProvidencia,2014,1,85,0,0,0,0,0,6,1
DoUppProvidencia,2014,2,86,0,0,0,0,0,2,4
DoUppProvidencia,2014,3,87,2,0,0,0,0,5,6
DoUppProvidencia,2014,4,88,0,0,0,0,0,1,3
DoUppProvidencia,2014,5,89,0,0,0,0,0,1,1
DoUppProvidencia,2014,6,90,0,0,0,0,0,2,3
DoUppProvidencia,2014,7,91,1,0,0,0,0,2,6
DoUppProvidencia,2014,8,92,0,0,0,0,0,2,2
DoUppProvidencia,2014,9,93,0,0,0,0,0,2,4
DoUppProvidencia,2014,10,94,0,0,0,0,0,4,7
DoUppProvidencia,2014,11,95,0,0,0,0,0,4,6
DoUppProvidencia,2014,12,96,0,0,0,0,0,4,2
DoUppProvidencia,2015,1,97,0,0,0,0,0,1,7
DoUppProvidencia,2015,2,98,1,0,0,0,0,3,8
DoUppProvidencia,2015,3,99,0,0,0,0,0,2,5
DoUppProvidencia,2015,4,100,0,0,0,0,0,1,7
DoUppProvidencia,2015,5,101,0,0,0,0,0,3,7
DoUppProvidencia,2015,6,102,0,0,0,0,0,1,1
DoUppProvidencia,2015,7,103,0,0,0,0,0,2,5
DoUppProvidencia,2015,8,104,0,0,0,0,0,0,4
DoUppProvidencia,2015,9,105,1,0,0,0,0,5,8
DoUppProvidencia,2015,10,106,0,0,0,0,0,4,6
DoUppProvidencia,2015,11,107,1,0,0,1,0,1,7
DoUppProvidencia,2015,12,108,0,0,0,0,0,3,10
DoUppProvidencia,2016,1,109,0,0,0,0,0,2,5
DoUppProvidencia,2016,2,110,0,0,0,0,0,2,7
DoUppProvidencia,2016,3,111,0,0,0,0,0,3,1
DoUppProvidencia,2016,4,112,0,0,0,0,0,3,5
DoUppProvidencia,2016,5,113,0,0,0,0,0,1,0
DoUppProvidencia,2016,6,114,0,0,0,0,0,2,3
DoUppBorel,2007,1,1,1,0,0,0,0,4,1
DoUppBorel,2007,2,2,0,0,0,0,0,13,3
DoUppBorel,2007,3,3,1,0,0,0,0,10,4
DoUppBorel,2007,4,4,1,0,0,0,0,3,1
DoUppBorel,2007,5,5,1,0,0,0,0,12,3
DoUppBorel,2007,6,6,0,0,0,0,0,9,1
DoUppBorel,2007,7,7,1,0,0,0,0,20,1
DoUppBorel,2007,8,8,0,0,0,0,0,8,1
DoUppBorel,2007,9,9,0,0,0,0,0,2,0
DoUppBorel,2007,10,10,1,0,0,0,0,1,2
DoUppBorel,2007,11,11,1,0,0,0,0,6,2
DoUppBorel,2007,12,12,3,0,0,0,0,6,3
DoUppBorel,2008,1,13,0,0,0,0,0,5,1
DoUppBorel,2008,2,14,0,0,0,0,0,1,0
DoUppBorel,2008,3,15,1,0,0,0,0,3,2
DoUppBorel,2008,4,16,1,0,0,0,0,1,0
DoUppBorel,2008,5,17,1,0,0,0,0,0,1
DoUppBorel,2008,6,18,0,0,0,0,0,3,3
DoUppBorel,2008,7,19,0,0,0,0,0,2,1
DoUppBorel,2008,8,20,0,0,1,0,0,4,1
DoUppBorel,2008,9,21,3,0,0,0,0,2,1
DoUppBorel,2008,10,22,0,0,0,0,0,1,0
DoUppBorel,2008,11,23,0,0,0,0,0,2,1
DoUppBorel,2008,12,24,1,0,0,0,0,2,0
DoUppBorel,2009,1,25,0,0,0,0,0,2,3
DoUppBorel,2009,2,26,0,0,0,0,0,4,1
DoUppBorel,2009,3,27,1,0,0,0,0,2,1
DoUppBorel,2009,4,28,0,0,0,0,0,1,2
DoUppBorel,2009,5,29,0,0,0,0,0,0,2
DoUppBorel,2009,6,30,0,0,0,0,0,2,0
DoUppBorel,2009,7,31,0,0,0,0,0,3,1
DoUppBorel,2009,8,32,1,0,0,0,0,2,1
DoUppBorel,2009,9,33,0,0,0,0,0,2,2
DoUppBorel,2009,10,34,0,0,0,0,0,2,0
DoUppBorel,2009,11,35,0,0,0,0,0,1,1
DoUppBorel,2009,12,36,0,0,0,0,0,1,1
DoUppBorel,2010,1,37,0,0,0,0,0,2,1
DoUppBorel,2010,2,38,0,0,0,0,0,4,3
DoUppBorel,2010,3,39,0,0,0,0,0,2,3
DoUppBorel,2010,4,40,0,0,0,0,0,6,2
DoUppBorel,2010,5,41,0,0,0,0,0,1,4
DoUppBorel,2010,6,42,0,0,0,0,0,0,5
DoUppBorel,2010,7,43,0,0,0,0,0,1,4
DoUppBorel,2010,8,44,0,0,0,0,0,2,5
DoUppBorel,2010,9,45,0,0,0,0,0,0,2
DoUppBorel,2010,10,46,1,0,0,0,0,1,2
DoUppBorel,2010,11,47,0,0,0,0,0,2,5
DoUppBorel,2010,12,48,0,0,0,0,0,0,5
DoUppBorel,2011,1,49,0,0,0,0,0,0,6
DoUppBorel,2011,2,50,0,0,0,0,0,2,4
DoUppBorel,2011,3,51,0,0,0,0,0,1,4
DoUppBorel,2011,4,52,0,0,0,0,0,0,2
DoUppBorel,2011,5,53,0,0,0,0,0,1,3
DoUppBorel,2011,6,54,0,0,0,0,0,2,5
DoUppBorel,2011,7,55,0,0,0,0,0,2,3
DoUppBorel,2011,8,56,2,0,0,0,0,1,1
DoUppBorel,2011,9,57,0,0,0,0,0,0,4
DoUppBorel,2011,10,58,0,0,0,0,0,1,3
DoUppBorel,2011,11,59,0,0,0,0,0,2,4
DoUppBorel,2011,12,60,0,0,0,0,0,2,6
DoUppBorel,2012,1,61,0,0,0,0,0,0,2
DoUppBorel,2012,2,62,0,0,0,0,0,0,7
DoUppBorel,2012,3,63,0,0,0,0,0,0,2
DoUppBorel,2012,4,64,0,0,0,0,0,3,6
DoUppBorel,2012,5,65,0,0,0,0,0,0,5
DoUppBorel,2012,6,66,0,0,0,0,0,0,4
DoUppBorel,2012,7,67,0,0,0,0,0,0,1
DoUppBorel,2012,8,68,0,0,0,0,0,1,2
DoUppBorel,2012,9,69,0,0,0,0,0,2,1
DoUppBorel,2012,10,70,0,0,0,0,0,2,1
DoUppBorel,2012,11,71,0,0,0,0,0,1,5
DoUppBorel,2012,12,72,2,0,0,0,0,0,1
DoUppBorel,2013,1,73,0,0,0,0,0,1,4
DoUppBorel,2013,2,74,0,0,0,0,0,2,4
DoUppBorel,2013,3,75,0,0,0,0,0,0,2
DoUppBorel,2013,4,76,0,0,0,0,0,1,5
DoUppBorel,2013,5,77,0,0,0,0,0,0,4
DoUppBorel,2013,6,78,0,0,0,0,0,1,2
DoUppBorel,2013,7,79,1,0,0,0,0,1,3
DoUppBorel,2013,8,80,0,0,0,0,0,1,1
DoUppBorel,2013,9,81,0,1,0,0,0,0,2
DoUppBorel,2013,10,82,1,0,0,0,0,2,3
DoUppBorel,2013,11,83,1,0,0,0,0,2,2
DoUppBorel,2013,12,84,0,0,0,0,0,2,2
DoUppBorel,2014,1,85,0,0,0,0,0,1,3
DoUppBorel,2014,2,86,0,0,0,0,0,1,5
DoUppBorel,2014,3,87,0,0,0,0,0,0,6
DoUppBorel,2014,4,88,0,0,0,0,0,1,6
DoUppBorel,2014,5,89,0,0,0,0,0,2,0
DoUppBorel,2014,6,90,0,0,0,0,0,0,1
DoUppBorel,2014,7,91,0,0,0,0,0,2,0
DoUppBorel,2014,8,92,0,0,0,0,0,0,6
DoUppBorel,2014,9,93,0,0,0,0,0,1,3
DoUppBorel,2014,10,94,0,0,0,0,0,4,3
DoUppBorel,2014,11,95,0,0,0,0,0,3,0
DoUppBorel,2014,12,96,0,0,0,0,0,1,2
DoUppBorel,2015,1,97,0,0,0,0,0,1,2
DoUppBorel,2015,2,98,0,0,0,0,0,0,2
DoUppBorel,2015,3,99,0,0,0,0,0,1,3
DoUppBorel,2015,4,100,0,0,0,0,0,0,1
DoUppBorel,2015,5,101,0,0,0,0,0,0,3
DoUppBorel,2015,6,102,0,0,0,0,0,0,2
DoUppBorel,2015,7,103,0,0,0,0,0,4,1
DoUppBorel,2015,8,104,0,0,0,0,0,2,4
DoUppBorel,2015,9,105,0,0,0,0,0,2,6
DoUppBorel,2015,10,106,0,0,0,0,0,0,4
DoUppBorel,2015,11,107,0,0,0,0,0,1,5
DoUppBorel,2015,12,108,0,0,0,0,0,4,5
DoUppBorel,2016,1,109,0,0,0,0,0,0,2
DoUppBorel,2016,2,110,0,0,0,0,0,1,3
DoUppBorel,2016,3,111,1,0,0,0,0,2,0
DoUppBorel,2016,4,112,0,0,0,0,0,1,1
DoUppBorel,2016,5,113,0,0,0,0,0,0,1
DoUppBorel,2016,6,114,0,0,0,0,0,2,2
DoUppAndarai,2007,1,1,0,0,0,0,0,13,4
DoUppAndarai,2007,2,2,1,0,0,0,0,9,2
DoUppAndarai,2007,3,3,1,0,0,0,0,15,1
DoUppAndarai,2007,4,4,1,0,0,0,0,5,4
DoUppAndarai,2007,5,5,1,0,0,0,0,5,4
DoUppAndarai,2007,6,6,0,0,0,0,0,6,3
DoUppAndarai,2007,7,7,0,0,0,0,0,8,9
DoUppAndarai,2007,8,8,0,0,0,0,0,14,4
DoUppAndarai,2007,9,9,1,0,0,0,0,9,1
DoUppAndarai,2007,10,10,0,0,0,0,0,8,6
DoUppAndarai,2007,11,11,2,0,0,0,0,9,1
DoUppAndarai,2007,12,12,0,0,0,0,0,17,3
DoUppAndarai,2008,1,13,0,0,0,0,0,12,4
DoUppAndarai,2008,2,14,0,0,0,0,0,7,2
DoUppAndarai,2008,3,15,0,0,0,0,0,9,6
DoUppAndarai,2008,4,16,0,0,0,0,0,6,1
DoUppAndarai,2008,5,17,0,0,0,0,0,5,5
DoUppAndarai,2008,6,18,2,0,0,0,0,22,8
DoUppAndarai,2008,7,19,0,0,0,0,0,10,2
DoUppAndarai,2008,8,20,0,0,0,0,0,15,3
DoUppAndarai,2008,9,21,0,0,0,0,0,12,3
DoUppAndarai,2008,10,22,0,0,0,0,0,7,5
DoUppAndarai,2008,11,23,0,0,0,0,0,5,6
DoUppAndarai,2008,12,24,0,0,0,0,0,8,0
DoUppAndarai,2009,1,25,0,0,0,0,0,6,5
DoUppAndarai,2009,2,26,0,0,0,0,0,4,6
DoUppAndarai,2009,3,27,0,0,0,0,0,5,1
DoUppAndarai,2009,4,28,0,0,0,0,0,1,5
DoUppAndarai,2009,5,29,0,0,0,0,0,1,1
DoUppAndarai,2009,6,30,0,0,0,0,0,5,6
DoUppAndarai,2009,7,31,0,0,0,0,0,4,7
DoUppAndarai,2009,8,32,0,0,0,0,0,3,3
DoUppAndarai,2009,9,33,0,0,0,0,0,1,2
DoUppAndarai,2009,10,34,0,0,0,0,0,3,2
DoUppAndarai,2009,11,35,0,0,0,0,0,2,3
DoUppAndarai,2009,12,36,0,0,0,0,0,10,2
DoUppAndarai,2010,1,37,0,0,0,0,0,10,3
DoUppAndarai,2010,2,38,0,0,0,0,0,6,6
DoUppAndarai,2010,3,39,0,0,0,0,0,5,4
DoUppAndarai,2010,4,40,0,0,1,0,0,10,5
DoUppAndarai,2010,5,41,1,0,0,0,0,3,6
DoUppAndarai,2010,6,42,0,0,0,0,0,0,5
DoUppAndarai,2010,7,43,2,0,0,0,0,1,3
DoUppAndarai,2010,8,44,0,0,0,0,0,2,4
DoUppAndarai,2010,9,45,0,0,0,0,0,3,6
DoUppAndarai,2010,10,46,1,0,0,0,0,2,4
DoUppAndarai,2010,11,47,0,0,0,0,0,0,2
DoUppAndarai,2010,12,48,0,0,0,0,0,1,6
DoUppAndarai,2011,1,49,0,0,0,0,0,3,4
DoUppAndarai,2011,2,50,0,0,0,0,0,1,4
DoUppAndarai,2011,3,51,0,0,0,0,0,2,4
DoUppAndarai,2011,4,52,0,0,0,0,0,4,5
DoUppAndarai,2011,5,53,0,0,0,0,0,3,6
DoUppAndarai,2011,6,54,0,0,0,0,0,2,6
DoUppAndarai,2011,7,55,0,0,0,0,0,3,3
DoUppAndarai,2011,8,56,0,0,0,0,0,3,6
DoUppAndarai,2011,9,57,0,0,0,0,0,2,2
DoUppAndarai,2011,10,58,0,0,0,0,0,3,2
DoUppAndarai,2011,11,59,1,0,0,0,0,1,3
DoUppAndarai,2011,12,60,0,0,0,0,0,2,4
DoUppAndarai,2012,1,61,0,0,0,0,0,1,1
DoUppAndarai,2012,2,62,1,0,0,0,0,2,10
DoUppAndarai,2012,3,63,0,0,0,0,0,4,5
DoUppAndarai,2012,4,64,0,0,0,0,0,0,4
DoUppAndarai,2012,5,65,0,0,0,0,0,1,10
DoUppAndarai,2012,6,66,0,0,0,0,0,2,2
DoUppAndarai,2012,7,67,0,0,0,0,0,0,1
DoUppAndarai,2012,8,68,0,0,0,0,0,0,2
DoUppAndarai,2012,9,69,0,0,0,0,0,0,2
DoUppAndarai,2012,10,70,0,0,0,0,0,2,0
DoUppAndarai,2012,11,71,0,0,0,0,0,0,2
DoUppAndarai,2012,12,72,0,0,0,0,0,0,2
DoUppAndarai,2013,1,73,0,0,0,0,0,1,3
DoUppAndarai,2013,2,74,0,0,0,0,0,0,5
DoUppAndarai,2013,3,75,0,0,0,0,0,0,1
DoUppAndarai,2013,4,76,0,0,0,0,0,1,7
DoUppAndarai,2013,5,77,0,0,0,0,0,0,4
DoUppAndarai,2013,6,78,0,0,0,0,0,0,2
DoUppAndarai,2013,7,79,0,0,0,0,0,0,4
DoUppAndarai,2013,8,80,0,0,0,0,0,1,1
DoUppAndarai,2013,9,81,0,0,0,0,0,1,3
DoUppAndarai,2013,10,82,0,0,0,0,0,0,2
DoUppAndarai,2013,11,83,0,0,0,0,0,0,7
DoUppAndarai,2013,12,84,0,0,0,0,0,2,2
DoUppAndarai,2014,1,85,0,0,0,0,0,3,1
DoUppAndarai,2014,2,86,0,0,0,0,0,2,4
DoUppAndarai,2014,3,87,0,0,0,0,0,1,4
DoUppAndarai,2014,4,88,0,0,0,0,0,2,2
DoUppAndarai,2014,5,89,2,0,0,0,0,1,8
DoUppAndarai,2014,6,90,0,0,0,0,0,1,2
DoUppAndarai,2014,7,91,0,0,0,0,0,0,0
DoUppAndarai,2014,8,92,1,0,0,0,0,1,1
DoUppAndarai,2014,9,93,0,0,0,0,0,2,3
DoUppAndarai,2014,10,94,0,0,0,0,0,2,4
DoUppAndarai,2014,11,95,0,0,0,0,0,1,3
DoUppAndarai,2014,12,96,3,0,0,0,0,0,2
DoUppAndarai,2015,1,97,0,0,0,0,0,2,3
DoUppAndarai,2015,2,98,1,0,0,0,0,0,0
DoUppAndarai,2015,3,99,0,0,0,0,0,1,3
DoUppAndarai,2015,4,100,0,0,0,0,0,0,1
DoUppAndarai,2015,5,101,0,0,0,0,0,4,2
DoUppAndarai,2015,6,102,0,0,0,0,0,1,2
DoUppAndarai,2015,7,103,1,0,0,1,0,0,3
DoUppAndarai,2015,8,104,0,0,0,0,0,0,1
DoUppAndarai,2015,9,105,0,0,0,0,0,4,2
DoUppAndarai,2015,10,106,0,0,0,0,0,2,3
DoUppAndarai,2015,11,107,0,0,0,0,0,1,2
DoUppAndarai,2015,12,108,0,0,0,0,0,2,1
DoUppAndarai,2016,1,109,0,0,0,0,0,4,2
DoUppAndarai,2016,2,110,0,0,0,0,0,1,1
DoUppAndarai,2016,3,111,0,0,0,0,0,2,3
DoUppAndarai,2016,4,112,0,0,0,0,0,1,4
DoUppAndarai,2016,5,113,0,0,0,0,0,0,3
DoUppAndarai,2016,6,114,0,0,0,0,0,0,1
DoUppFormiga,2007,1,1,2,0,0,0,0,0,0
DoUppFormiga,2007,2,2,0,0,0,0,0,0,0
DoUppFormiga,2007,3,3,0,0,0,0,0,0,0
DoUppFormiga,2007,4,4,0,0,0,0,0,0,0
DoUppFormiga,2007,5,5,0,0,0,0,0,0,1
DoUppFormiga,2007,6,6,0,0,0,0,0,0,0
DoUppFormiga,2007,7,7,0,0,0,0,0,2,0
DoUppFormiga,2007,8,8,0,0,0,0,0,0,0
DoUppFormiga,2007,9,9,0,0,0,0,0,0,0
DoUppFormiga,2007,10,10,0,0,0,0,0,0,0
DoUppFormiga,2007,11,11,0,0,0,0,0,0,0
DoUppFormiga,2007,12,12,0,0,0,0,0,0,0
DoUppFormiga,2008,1,13,0,0,0,0,0,0,1
DoUppFormiga,2008,2,14,0,0,0,0,0,0,0
DoUppFormiga,2008,3,15,0,0,0,0,0,0,0
DoUppFormiga,2008,4,16,0,0,0,0,0,0,1
DoUppFormiga,2008,5,17,0,0,0,0,0,0,0
DoUppFormiga,2008,6,18,0,0,0,0,0,0,0
DoUppFormiga,2008,7,19,0,0,0,0,0,0,0
DoUppFormiga,2008,8,20,0,0,0,0,0,0,0
DoUppFormiga,2008,9,21,0,0,0,0,0,0,1
DoUppFormiga,2008,10,22,0,0,0,0,0,1,1
DoUppFormiga,2008,11,23,0,0,0,0,0,0,0
DoUppFormiga,2008,12,24,0,0,0,0,0,0,0
DoUppFormiga,2009,1,25,0,0,0,0,0,0,0
DoUppFormiga,2009,2,26,0,0,0,0,0,0,0
DoUppFormiga,2009,3,27,0,0,0,0,0,0,1
DoUppFormiga,2009,4,28,0,0,0,0,0,0,0
DoUppFormiga,2009,5,29,0,0,0,0,0,1,0
DoUppFormiga,2009,6,30,1,0,0,0,0,0,0
DoUppFormiga,2009,7,31,0,0,0,0,0,0,0
DoUppFormiga,2009,8,32,0,0,0,0,0,0,2
DoUppFormiga,2009,9,33,0,0,0,0,0,0,0
DoUppFormiga,2009,10,34,0,0,0,0,0,0,0
DoUppFormiga,2009,11,35,1,0,0,0,0,0,1
DoUppFormiga,2009,12,36,1,0,0,0,0,0,0
DoUppFormiga,2010,1,37,0,0,0,0,0,0,0
DoUppFormiga,2010,2,38,0,0,0,0,0,0,0
DoUppFormiga,2010,3,39,0,0,0,0,0,0,0
DoUppFormiga,2010,4,40,0,0,0,0,0,0,0
DoUppFormiga,2010,5,41,0,0,0,0,0,0,0
DoUppFormiga,2010,6,42,0,0,0,0,0,0,0
DoUppFormiga,2010,7,43,0,0,0,0,0,0,0
DoUppFormiga,2010,8,44,0,0,0,0,0,0,1
DoUppFormiga,2010,9,45,0,0,0,0,0,0,2
DoUppFormiga,2010,10,46,0,0,0,0,0,0,0
DoUppFormiga,2010,11,47,0,0,0,0,0,0,0
DoUppFormiga,2010,12,48,0,0,0,0,0,0,2
DoUppFormiga,2011,1,49,0,0,0,0,0,0,2
DoUppFormiga,2011,2,50,0,0,0,0,0,0,2
DoUppFormiga,2011,3,51,0,0,0,0,0,0,2
DoUppFormiga,2011,4,52,0,0,0,0,0,0,0
DoUppFormiga,2011,5,53,0,0,0,0,0,0,1
DoUppFormiga,2011,6,54,0,0,0,0,0,0,1
DoUppFormiga,2011,7,55,0,0,0,0,0,0,2
DoUppFormiga,2011,8,56,1,0,0,0,0,1,3
DoUppFormiga,2011,9,57,0,0,0,0,0,0,0
DoUppFormiga,2011,10,58,0,0,0,0,0,0,0
DoUppFormiga,2011,11,59,0,0,0,0,0,0,3
DoUppFormiga,2011,12,60,0,0,0,0,0,0,2
DoUppFormiga,2012,1,61,0,0,0,0,0,0,1
DoUppFormiga,2012,2,62,0,0,0,0,0,0,2
DoUppFormiga,2012,3,63,0,0,0,0,0,0,0
DoUppFormiga,2012,4,64,0,0,0,0,0,0,2
DoUppFormiga,2012,5,65,0,0,0,0,0,0,3
DoUppFormiga,2012,6,66,0,0,0,0,0,0,1
DoUppFormiga,2012,7,67,0,0,0,0,0,0,3
DoUppFormiga,2012,8,68,0,0,0,0,0,0,3
DoUppFormiga,2012,9,69,0,0,0,0,0,0,1
DoUppFormiga,2012,10,70,0,0,0,0,0,0,0
DoUppFormiga,2012,11,71,0,0,0,0,0,0,0
DoUppFormiga,2012,12,72,0,0,0,0,0,0,2
DoUppFormiga,2013,1,73,0,0,0,0,0,0,0
DoUppFormiga,2013,2,74,0,0,0,0,0,0,4
DoUppFormiga,2013,3,75,0,0,0,0,0,0,0
DoUppFormiga,2013,4,76,0,0,0,0,0,0,1
DoUppFormiga,2013,5,77,0,0,0,0,0,0,1
DoUppFormiga,2013,6,78,0,0,0,0,0,1,1
DoUppFormiga,2013,7,79,0,0,0,0,0,0,0
DoUppFormiga,2013,8,80,0,0,0,0,0,0,1
DoUppFormiga,2013,9,81,0,0,0,0,0,0,0
DoUppFormiga,2013,10,82,0,0,0,0,0,0,0
DoUppFormiga,2013,11,83,0,0,0,0,0,0,0
DoUppFormiga,2013,12,84,0,0,0,0,0,0,1
DoUppFormiga,2014,1,85,0,0,0,0,0,0,1
DoUppFormiga,2014,2,86,0,0,0,0,0,0,0
DoUppFormiga,2014,3,87,0,0,0,0,0,0,3
DoUppFormiga,2014,4,88,0,0,0,0,0,0,3
DoUppFormiga,2014,5,89,0,0,0,0,0,0,0
DoUppFormiga,2014,6,90,0,0,0,0,0,0,0
DoUppFormiga,2014,7,91,0,0,0,0,0,0,0
DoUppFormiga,2014,8,92,0,0,0,0,0,0,0
DoUppFormiga,2014,9,93,0,0,0,0,0,0,0
DoUppFormiga,2014,10,94,0,0,0,0,0,0,0
DoUppFormiga,2014,11,95,0,0,0,0,0,0,1
DoUppFormiga,2014,12,96,0,0,0,0,0,1,0
DoUppFormiga,2015,1,97,0,0,0,0,0,0,0
DoUppFormiga,2015,2,98,0,0,0,0,0,0,0
DoUppFormiga,2015,3,99,0,0,0,0,0,0,0
DoUppFormiga,2015,4,100,0,0,0,0,0,0,0
DoUppFormiga,2015,5,101,0,0,0,0,0,0,1
DoUppFormiga,2015,6,102,0,0,0,0,0,0,0
DoUppFormiga,2015,7,103,0,0,0,0,0,0,1
DoUppFormiga,2015,8,104,0,0,0,0,0,0,0
DoUppFormiga,2015,9,105,0,0,0,0,0,0,2
DoUppFormiga,2015,10,106,0,0,0,0,0,0,1
DoUppFormiga,2015,11,107,0,0,0,0,0,0,1
DoUppFormiga,2015,12,108,0,0,0,0,0,0,1
DoUppFormiga,2016,1,109,0,0,0,0,0,0,1
DoUppFormiga,2016,2,110,0,0,0,0,0,1,1
DoUppFormiga,2016,3,111,0,0,0,0,0,0,0
DoUppFormiga,2016,4,112,0,0,0,0,0,0,1
DoUppFormiga,2016,5,113,0,0,0,0,0,0,0
DoUppFormiga,2016,6,114,0,0,0,0,0,0,0
DoUppSalgueiro,2007,1,1,0,0,0,0,0,14,14
DoUppSalgueiro,2007,2,2,0,0,0,0,0,14,8
DoUppSalgueiro,2007,3,3,0,0,0,0,0,17,6
DoUppSalgueiro,2007,4,4,0,0,0,0,0,15,5
DoUppSalgueiro,2007,5,5,0,0,0,0,0,18,15
DoUppSalgueiro,2007,6,6,0,0,0,0,0,14,10
DoUppSalgueiro,2007,7,7,0,0,0,0,0,14,6
DoUppSalgueiro,2007,8,8,0,0,0,0,0,12,7
DoUppSalgueiro,2007,9,9,0,0,0,0,0,8,9
DoUppSalgueiro,2007,10,10,0,0,0,0,0,12,9
DoUppSalgueiro,2007,11,11,1,0,0,0,0,12,11
DoUppSalgueiro,2007,12,12,1,0,0,0,0,18,3
DoUppSalgueiro,2008,1,13,0,0,0,0,0,9,6
DoUppSalgueiro,2008,2,14,1,0,0,0,0,18,10
DoUppSalgueiro,2008,3,15,0,0,0,0,0,10,7
DoUppSalgueiro,2008,4,16,1,0,0,0,0,19,6
DoUppSalgueiro,2008,5,17,0,0,0,0,0,12,5
DoUppSalgueiro,2008,6,18,0,0,0,0,0,10,11
DoUppSalgueiro,2008,7,19,0,0,0,0,0,10,7
DoUppSalgueiro,2008,8,20,1,0,0,0,0,15,12
DoUppSalgueiro,2008,9,21,0,0,0,0,0,6,12
DoUppSalgueiro,2008,10,22,0,0,0,0,0,19,10
DoUppSalgueiro,2008,11,23,0,0,0,0,0,31,5
DoUppSalgueiro,2008,12,24,0,0,0,0,0,15,8
DoUppSalgueiro,2009,1,25,0,0,0,0,0,13,14
DoUppSalgueiro,2009,2,26,0,0,0,0,0,3,8
DoUppSalgueiro,2009,3,27,0,0,0,0,0,13,7
DoUppSalgueiro,2009,4,28,0,0,0,0,0,5,8
DoUppSalgueiro,2009,5,29,1,0,0,0,0,18,14
DoUppSalgueiro,2009,6,30,0,0,0,0,0,13,8
DoUppSalgueiro,2009,7,31,0,0,0,0,0,13,4
DoUppSalgueiro,2009,8,32,0,0,0,0,0,12,10
DoUppSalgueiro,2009,9,33,0,0,0,0,0,11,7
DoUppSalgueiro,2009,10,34,0,0,0,0,0,11,11
DoUppSalgueiro,2009,11,35,0,0,0,0,0,9,6
DoUppSalgueiro,2009,12,36,0,0,0,0,0,5,7
DoUppSalgueiro,2010,1,37,0,0,0,0,0,7,4
DoUppSalgueiro,2010,2,38,0,0,0,0,0,5,8
DoUppSalgueiro,2010,3,39,0,0,0,0,0,11,6
DoUppSalgueiro,2010,4,40,0,0,0,0,0,10,10
DoUppSalgueiro,2010,5,41,0,0,0,0,0,6,10
DoUppSalgueiro,2010,6,42,1,0,0,0,0,6,4
DoUppSalgueiro,2010,7,43,0,0,0,0,0,5,13
DoUppSalgueiro,2010,8,44,0,0,0,0,0,4,7
DoUppSalgueiro,2010,9,45,0,0,0,0,0,6,7
DoUppSalgueiro,2010,10,46,0,0,0,0,0,9,7
DoUppSalgueiro,2010,11,47,0,0,0,0,0,7,12
DoUppSalgueiro,2010,12,48,0,0,0,0,0,2,9
DoUppSalgueiro,2011,1,49,0,0,0,0,0,3,12
DoUppSalgueiro,2011,2,50,0,0,0,0,0,4,9
DoUppSalgueiro,2011,3,51,0,0,0,0,0,8,12
DoUppSalgueiro,2011,4,52,0,0,0,0,0,4,7
DoUppSalgueiro,2011,5,53,0,0,0,0,0,6,10
DoUppSalgueiro,2011,6,54,0,0,0,0,0,2,7
DoUppSalgueiro,2011,7,55,0,0,0,0,0,4,6
DoUppSalgueiro,2011,8,56,0,0,0,0,0,3,10
DoUppSalgueiro,2011,9,57,1,0,0,0,0,3,15
DoUppSalgueiro,2011,10,58,0,0,0,0,0,1,11
DoUppSalgueiro,2011,11,59,0,0,0,0,0,9,6
DoUppSalgueiro,2011,12,60,0,0,0,0,0,3,11
DoUppSalgueiro,2012,1,61,0,0,0,0,0,0,1
DoUppSalgueiro,2012,2,62,0,0,0,0,0,0,2
DoUppSalgueiro,2012,3,63,0,0,0,0,0,0,2
DoUppSalgueiro,2012,4,64,0,0,0,0,0,0,2
DoUppSalgueiro,2012,5,65,0,0,0,0,0,0,1
DoUppSalgueiro,2012,6,66,0,0,0,0,0,0,3
DoUppSalgueiro,2012,7,67,0,0,0,0,0,1,1
DoUppSalgueiro,2012,8,68,0,0,0,0,0,2,2
DoUppSalgueiro,2012,9,69,0,0,0,0,0,0,1
DoUppSalgueiro,2012,10,70,0,0,0,0,0,1,0
DoUppSalgueiro,2012,11,71,0,0,0,0,0,0,3
DoUppSalgueiro,2012,12,72,0,0,0,0,0,0,1
DoUppSalgueiro,2013,1,73,0,0,0,0,0,0,0
DoUppSalgueiro,2013,2,74,0,0,0,0,0,0,0
DoUppSalgueiro,2013,3,75,0,0,0,0,0,0,2
DoUppSalgueiro,2013,4,76,0,0,0,0,0,0,0
DoUppSalgueiro,2013,5,77,0,0,0,0,0,0,1
DoUppSalgueiro,2013,6,78,0,0,0,0,0,0,1
DoUppSalgueiro,2013,7,79,0,0,0,0,0,1,1
DoUppSalgueiro,2013,8,80,0,0,0,0,0,0,2
DoUppSalgueiro,2013,9,81,0,0,0,0,0,0,1
DoUppSalgueiro,2013,10,82,0,0,0,0,0,0,2
DoUppSalgueiro,2013,11,83,0,0,0,0,0,0,0
DoUppSalgueiro,2013,12,84,0,0,0,0,0,0,2
DoUppSalgueiro,2014,1,85,0,0,0,0,0,1,1
DoUppSalgueiro,2014,2,86,0,0,0,0,0,1,1
DoUppSalgueiro,2014,3,87,0,0,0,0,0,0,3
DoUppSalgueiro,2014,4,88,0,0,0,0,0,0,0
DoUppSalgueiro,2014,5,89,0,0,0,0,0,1,0
DoUppSalgueiro,2014,6,90,0,0,0,0,0,0,2
DoUppSalgueiro,2014,7,91,0,0,0,0,0,0,1
DoUppSalgueiro,2014,8,92,0,0,0,0,0,0,0
DoUppSalgueiro,2014,9,93,0,0,0,0,0,0,2
DoUppSalgueiro,2014,10,94,0,0,0,0,0,1,0
DoUppSalgueiro,2014,11,95,0,0,0,0,0,0,0
DoUppSalgueiro,2014,12,96,0,0,0,0,0,0,2
DoUppSalgueiro,2015,1,97,0,0,0,0,0,0,0
DoUppSalgueiro,2015,2,98,0,0,0,0,0,0,0
DoUppSalgueiro,2015,3,99,0,0,0,0,0,0,1
DoUppSalgueiro,2015,4,100,0,0,0,0,0,0,1
DoUppSalgueiro,2015,5,101,0,0,0,0,0,0,0
DoUppSalgueiro,2015,6,102,0,0,0,0,0,0,1
DoUppSalgueiro,2015,7,103,0,0,0,0,0,0,3
DoUppSalgueiro,2015,8,104,0,0,0,0,0,1,0
DoUppSalgueiro,2015,9,105,0,0,0,0,0,0,2
DoUppSalgueiro,2015,10,106,0,0,0,0,0,1,4
DoUppSalgueiro,2015,11,107,0,0,0,0,0,1,2
DoUppSalgueiro,2015,12,108,0,0,0,0,0,1,1
DoUppSalgueiro,2016,1,109,0,0,0,0,0,0,1
DoUppSalgueiro,2016,2,110,1,0,0,0,0,0,3
DoUppSalgueiro,2016,3,111,0,0,0,0,0,1,1
DoUppSalgueiro,2016,4,112,0,0,0,0,0,0,1
DoUppSalgueiro,2016,5,113,0,0,0,0,0,1,1
DoUppSalgueiro,2016,6,114,0,0,0,0,0,0,1
DoUppTurano,2007,1,1,0,0,0,0,0,0,8
DoUppTurano,2007,2,2,0,0,0,0,0,7,3
DoUppTurano,2007,3,3,2,0,0,0,0,6,5
DoUppTurano,2007,4,4,0,0,0,0,0,5,3
DoUppTurano,2007,5,5,0,0,0,0,0,3,2
DoUppTurano,2007,6,6,1,0,0,0,0,4,2
DoUppTurano,2007,7,7,0,0,0,0,0,5,3
DoUppTurano,2007,8,8,1,0,0,0,0,4,7
DoUppTurano,2007,9,9,0,0,0,0,0,4,1
DoUppTurano,2007,10,10,0,0,0,0,0,4,1
DoUppTurano,2007,11,11,0,0,0,0,0,6,3
DoUppTurano,2007,12,12,0,0,0,0,0,5,3
DoUppTurano,2008,1,13,0,0,0,0,0,9,6
DoUppTurano,2008,2,14,0,0,0,0,0,4,1
DoUppTurano,2008,3,15,0,0,0,0,0,11,1
DoUppTurano,2008,4,16,0,0,0,0,0,5,0
DoUppTurano,2008,5,17,0,0,0,0,0,6,5
DoUppTurano,2008,6,18,0,0,0,0,0,7,4
DoUppTurano,2008,7,19,0,0,0,0,0,8,2
DoUppTurano,2008,8,20,0,0,0,0,0,4,2
DoUppTurano,2008,9,21,1,0,0,0,0,6,7
DoUppTurano,2008,10,22,0,0,0,0,0,5,6
DoUppTurano,2008,11,23,1,0,0,0,0,4,1
DoUppTurano,2008,12,24,0,0,0,0,0,4,1
DoUppTurano,2009,1,25,0,0,0,0,0,12,1
DoUppTurano,2009,2,26,1,0,0,0,0,6,3
DoUppTurano,2009,3,27,0,0,0,0,0,3,3
DoUppTurano,2009,4,28,0,0,0,0,0,3,4
DoUppTurano,2009,5,29,1,0,0,0,0,5,1
DoUppTurano,2009,6,30,2,0,0,0,0,4,0
DoUppTurano,2009,7,31,1,0,0,0,0,5,2
DoUppTurano,2009,8,32,0,0,0,0,0,3,1
DoUppTurano,2009,9,33,0,0,0,0,0,2,1
DoUppTurano,2009,10,34,0,0,0,0,0,5,1
DoUppTurano,2009,11,35,1,0,0,0,0,2,6
DoUppTurano,2009,12,36,0,0,0,0,0,2,3
DoUppTurano,2010,1,37,0,0,0,0,0,3,3
DoUppTurano,2010,2,38,0,0,0,0,0,4,2
DoUppTurano,2010,3,39,0,0,0,0,0,8,0
DoUppTurano,2010,4,40,0,0,0,0,0,5,2
DoUppTurano,2010,5,41,0,0,0,0,0,11,3
DoUppTurano,2010,6,42,0,0,0,0,0,5,4
DoUppTurano,2010,7,43,0,0,0,0,0,5,5
DoUppTurano,2010,8,44,2,0,0,0,0,5,4
DoUppTurano,2010,9,45,0,0,0,0,0,4,5
DoUppTurano,2010,10,46,0,0,0,0,0,2,5
DoUppTurano,2010,11,47,0,0,0,0,0,4,4
DoUppTurano,2010,12,48,0,0,0,0,0,6,3
DoUppTurano,2011,1,49,0,0,0,0,0,2,4
DoUppTurano,2011,2,50,0,0,0,0,0,2,3
DoUppTurano,2011,3,51,0,0,0,0,0,0,2
DoUppTurano,2011,4,52,0,0,0,0,0,2,2
DoUppTurano,2011,5,53,0,0,0,0,0,2,7
DoUppTurano,2011,6,54,0,0,0,0,0,1,1
DoUppTurano,2011,7,55,0,0,0,0,0,3,1
DoUppTurano,2011,8,56,0,0,0,0,0,0,4
DoUppTurano,2011,9,57,1,1,0,0,0,4,5
DoUppTurano,2011,10,58,0,0,0,0,0,1,5
DoUppTurano,2011,11,59,0,0,0,0,0,2,3
DoUppTurano,2011,12,60,0,0,0,0,0,1,6
DoUppTurano,2012,1,61,0,0,0,0,0,2,1
DoUppTurano,2012,2,62,0,0,0,0,0,4,1
DoUppTurano,2012,3,63,2,0,0,0,0,1,2
DoUppTurano,2012,4,64,0,0,0,0,0,0,1
DoUppTurano,2012,5,65,0,0,0,0,0,3,5
DoUppTurano,2012,6,66,0,0,0,0,0,2,2
DoUppTurano,2012,7,67,0,0,0,0,0,1,2
DoUppTurano,2012,8,68,0,0,0,0,0,4,1
DoUppTurano,2012,9,69,0,0,0,0,0,4,4
DoUppTurano,2012,10,70,0,0,0,0,0,0,1
DoUppTurano,2012,11,71,0,0,0,0,0,3,8
DoUppTurano,2012,12,72,0,0,0,0,0,2,1
DoUppTurano,2013,1,73,0,0,0,0,0,2,2
DoUppTurano,2013,2,74,0,0,0,0,0,1,3
DoUppTurano,2013,3,75,0,0,0,0,0,1,6
DoUppTurano,2013,4,76,0,0,0,0,0,1,3
DoUppTurano,2013,5,77,0,0,0,0,0,2,5
DoUppTurano,2013,6,78,0,0,0,0,0,1,6
DoUppTurano,2013,7,79,0,0,0,0,0,3,9
DoUppTurano,2013,8,80,0,0,0,0,0,3,1
DoUppTurano,2013,9,81,0,0,0,0,0,2,8
DoUppTurano,2013,10,82,1,0,0,0,0,3,6
DoUppTurano,2013,11,83,0,0,0,0,0,3,5
DoUppTurano,2013,12,84,0,0,0,0,0,0,6
DoUppTurano,2014,1,85,0,0,0,0,0,2,2
DoUppTurano,2014,2,86,0,0,0,0,0,1,5
DoUppTurano,2014,3,87,0,0,0,0,0,3,3
DoUppTurano,2014,4,88,0,0,0,0,0,1,5
DoUppTurano,2014,5,89,0,0,0,0,0,3,5
DoUppTurano,2014,6,90,0,0,0,0,0,1,4
DoUppTurano,2014,7,91,1,0,0,0,0,4,8
DoUppTurano,2014,8,92,0,0,0,0,0,2,1
DoUppTurano,2014,9,93,1,0,0,0,0,8,3
DoUppTurano,2014,10,94,0,0,0,0,0,4,5
DoUppTurano,2014,11,95,0,0,0,0,0,4,2
DoUppTurano,2014,12,96,0,0,0,0,0,1,1
DoUppTurano,2015,1,97,0,0,0,0,0,2,1
DoUppTurano,2015,2,98,0,0,0,0,0,2,2
DoUppTurano,2015,3,99,0,0,0,0,0,0,3
DoUppTurano,2015,4,100,0,0,0,0,0,3,7
DoUppTurano,2015,5,101,0,0,0,0,0,4,2
DoUppTurano,2015,6,102,0,0,0,0,0,1,3
DoUppTurano,2015,7,103,0,0,0,0,0,1,3
DoUppTurano,2015,8,104,0,0,0,0,0,1,4
DoUppTurano,2015,9,105,0,0,0,0,0,2,1
DoUppTurano,2015,10,106,2,0,0,0,0,3,6
DoUppTurano,2015,11,107,0,0,0,0,0,2,6
DoUppTurano,2015,12,108,0,0,0,0,0,4,7
DoUppTurano,2016,1,109,0,0,0,0,0,4,3
DoUppTurano,2016,2,110,0,0,0,0,0,7,3
DoUppTurano,2016,3,111,0,0,0,0,0,7,4
DoUppTurano,2016,4,112,0,0,0,0,0,5,5
DoUppTurano,2016,5,113,0,0,0,0,0,7,6
DoUppTurano,2016,6,114,0,0,0,0,0,4,3
DoUppMacacos,2007,1,1,2,0,0,0,0,30,5
DoUppMacacos,2007,2,2,0,0,0,0,0,33,4
DoUppMacacos,2007,3,3,4,0,0,0,0,11,3
DoUppMacacos,2007,4,4,1,0,0,0,0,21,6
DoUppMacacos,2007,5,5,1,0,0,0,0,17,2
DoUppMacacos,2007,6,6,0,0,0,0,0,18,5
DoUppMacacos,2007,7,7,0,0,0,0,0,11,4
DoUppMacacos,2007,8,8,2,0,0,0,0,15,4
DoUppMacacos,2007,9,9,1,0,0,0,0,23,4
DoUppMacacos,2007,10,10,0,0,0,0,0,22,10
DoUppMacacos,2007,11,11,0,0,0,0,0,14,6
DoUppMacacos,2007,12,12,1,0,0,0,0,17,6
DoUppMacacos,2008,1,13,1,0,0,0,0,16,9
DoUppMacacos,2008,2,14,0,0,0,0,0,8,4
DoUppMacacos,2008,3,15,1,0,0,0,0,4,3
DoUppMacacos,2008,4,16,0,0,0,0,0,2,9
DoUppMacacos,2008,5,17,0,0,0,0,0,5,3
DoUppMacacos,2008,6,18,1,0,0,0,0,7,4
DoUppMacacos,2008,7,19,0,0,0,0,0,6,5
DoUppMacacos,2008,8,20,0,0,0,0,0,5,5
DoUppMacacos,2008,9,21,0,0,0,0,0,4,2
DoUppMacacos,2008,10,22,0,0,0,0,0,6,8
DoUppMacacos,2008,11,23,4,0,0,0,0,11,6
DoUppMacacos,2008,12,24,1,1,0,0,0,6,8
DoUppMacacos,2009,1,25,0,0,0,0,0,7,7
DoUppMacacos,2009,2,26,0,0,0,0,0,7,6
DoUppMacacos,2009,3,27,0,0,0,0,0,6,4
DoUppMacacos,2009,4,28,0,0,0,0,0,10,5
DoUppMacacos,2009,5,29,0,0,0,0,0,7,5
DoUppMacacos,2009,6,30,0,0,0,0,0,12,5
DoUppMacacos,2009,7,31,2,0,0,0,0,7,3
DoUppMacacos,2009,8,32,0,0,0,0,0,7,7
DoUppMacacos,2009,9,33,0,0,0,0,0,1,6
DoUppMacacos,2009,10,34,0,0,0,3,0,6,9
DoUppMacacos,2009,11,35,0,0,0,0,0,8,8
DoUppMacacos,2009,12,36,0,0,0,0,0,12,4
DoUppMacacos,2010,1,37,0,0,0,0,0,5,5
DoUppMacacos,2010,2,38,0,0,0,0,0,9,12
DoUppMacacos,2010,3,39,0,0,0,0,0,10,7
DoUppMacacos,2010,4,40,0,0,0,0,0,12,6
DoUppMacacos,2010,5,41,0,0,0,0,0,11,4
DoUppMacacos,2010,6,42,1,0,0,0,0,10,5
DoUppMacacos,2010,7,43,0,0,0,0,0,8,6
DoUppMacacos,2010,8,44,0,0,0,0,0,6,1
DoUppMacacos,2010,9,45,0,0,0,0,0,8,9
DoUppMacacos,2010,10,46,2,0,0,0,0,12,8
DoUppMacacos,2010,11,47,0,0,0,0,0,4,6
DoUppMacacos,2010,12,48,0,0,0,0,0,4,5
DoUppMacacos,2011,1,49,0,0,0,0,0,6,10
DoUppMacacos,2011,2,50,0,0,0,0,0,10,10
DoUppMacacos,2011,3,51,0,0,0,0,0,6,6
DoUppMacacos,2011,4,52,0,0,0,0,0,4,15
DoUppMacacos,2011,5,53,1,0,0,0,0,6,8
DoUppMacacos,2011,6,54,0,0,0,0,0,4,7
DoUppMacacos,2011,7,55,1,0,0,0,0,6,5
DoUppMacacos,2011,8,56,0,0,0,0,0,4,8
DoUppMacacos,2011,9,57,0,0,0,0,0,6,8
DoUppMacacos,2011,10,58,0,0,0,0,0,4,10
DoUppMacacos,2011,11,59,0,0,0,0,0,0,9
DoUppMacacos,2011,12,60,0,0,0,0,0,2,8
DoUppMacacos,2012,1,61,0,0,0,0,0,1,9
DoUppMacacos,2012,2,62,0,0,0,0,0,4,7
DoUppMacacos,2012,3,63,0,0,0,0,0,0,17
DoUppMacacos,2012,4,64,0,0,0,0,0,2,9
DoUppMacacos,2012,5,65,0,0,0,0,0,2,4
DoUppMacacos,2012,6,66,0,0,0,0,0,1,7
DoUppMacacos,2012,7,67,0,0,0,0,0,1,1
DoUppMacacos,2012,8,68,0,0,0,0,0,2,5
DoUppMacacos,2012,9,69,2,0,0,0,0,1,5
DoUppMacacos,2012,10,70,0,0,0,0,0,0,5
DoUppMacacos,2012,11,71,0,0,0,0,0,1,4
DoUppMacacos,2012,12,72,0,0,0,0,0,4,2
DoUppMacacos,2013,1,73,0,0,0,0,0,1,3
DoUppMacacos,2013,2,74,0,0,0,0,0,1,8
DoUppMacacos,2013,3,75,0,0,0,0,0,2,9
DoUppMacacos,2013,4,76,1,0,0,0,0,1,6
DoUppMacacos,2013,5,77,0,0,0,0,0,1,7
DoUppMacacos,2013,6,78,0,0,0,0,0,0,5
DoUppMacacos,2013,7,79,0,0,0,0,0,1,2
DoUppMacacos,2013,8,80,0,0,0,0,0,1,3
DoUppMacacos,2013,9,81,0,0,0,0,0,2,2
DoUppMacacos,2013,10,82,0,0,0,0,0,0,3
DoUppMacacos,2013,11,83,0,0,0,0,0,2,3
DoUppMacacos,2013,12,84,1,0,0,0,0,1,1
DoUppMacacos,2014,1,85,0,0,0,0,0,2,2
DoUppMacacos,2014,2,86,0,0,0,0,0,3,5
DoUppMacacos,2014,3,87,0,0,0,0,0,6,2
DoUppMacacos,2014,4,88,0,0,0,0,0,4,5
DoUppMacacos,2014,5,89,0,0,0,0,0,5,2
DoUppMacacos,2014,6,90,0,0,0,0,0,4,2
DoUppMacacos,2014,7,91,0,0,0,0,0,3,3
DoUppMacacos,2014,8,92,0,0,0,0,0,0,3
DoUppMacacos,2014,9,93,3,0,0,0,0,3,1
DoUppMacacos,2014,10,94,0,0,0,0,0,6,5
DoUppMacacos,2014,11,95,0,0,0,0,0,2,1
DoUppMacacos,2014,12,96,0,0,0,0,0,2,2
DoUppMacacos,2015,1,97,1,0,0,0,0,0,3
DoUppMacacos,2015,2,98,0,0,0,0,0,6,1
DoUppMacacos,2015,3,99,0,0,0,0,0,1,3
DoUppMacacos,2015,4,100,0,0,0,0,0,4,3
DoUppMacacos,2015,5,101,0,0,0,0,0,3,4
DoUppMacacos,2015,6,102,0,0,0,0,0,0,2
DoUppMacacos,2015,7,103,0,0,0,0,0,2,3
DoUppMacacos,2015,8,104,0,0,0,0,0,2,4
DoUppMacacos,2015,9,105,0,0,0,0,0,2,2
DoUppMacacos,2015,10,106,0,0,0,0,0,1,2
DoUppMacacos,2015,11,107,0,0,0,0,0,4,1
DoUppMacacos,2015,12,108,1,0,0,0,0,1,0
DoUppMacacos,2016,1,109,0,0,0,0,0,3,1
DoUppMacacos,2016,2,110,0,0,0,0,0,4,3
DoUppMacacos,2016,3,111,0,0,0,0,0,3,2
DoUppMacacos,2016,4,112,1,0,0,0,0,2,3
DoUppMacacos,2016,5,113,0,0,0,0,0,6,3
DoUppMacacos,2016,6,114,0,0,0,0,0,5,2
DoUppSaoJoaoQuietoMatriz,2007,1,1,0,0,0,0,0,2,0
DoUppSaoJoaoQuietoMatriz,2007,2,2,0,0,0,0,0,1,0
DoUppSaoJoaoQuietoMatriz,2007,3,3,0,0,0,0,0,0,0
DoUppSaoJoaoQuietoMatriz,2007,4,4,0,0,0,0,0,1,0
DoUppSaoJoaoQuietoMatriz,2007,5,5,0,0,0,0,0,1,0
DoUppSaoJoaoQuietoMatriz,2007,6,6,0,0,0,0,0,2,0
DoUppSaoJoaoQuietoMatriz,2007,7,7,0,0,0,0,0,0,1
DoUppSaoJoaoQuietoMatriz,2007,8,8,1,0,0,0,0,1,0
DoUppSaoJoaoQuietoMatriz,2007,9,9,0,0,0,0,0,2,1
DoUppSaoJoaoQuietoMatriz,2007,10,10,0,0,0,0,0,1,1
DoUppSaoJoaoQuietoMatriz,2007,11,11,0,0,0,0,0,0,0
DoUppSaoJoaoQuietoMatriz,2007,12,12,3,0,0,0,0,2,3
DoUppSaoJoaoQuietoMatriz,2008,1,13,0,0,0,0,0,1,1
DoUppSaoJoaoQuietoMatriz,2008,2,14,0,0,0,0,0,0,2
DoUppSaoJoaoQuietoMatriz,2008,3,15,1,0,0,0,0,0,0
DoUppSaoJoaoQuietoMatriz,2008,4,16,0,0,0,0,0,0,0
DoUppSaoJoaoQuietoMatriz,2008,5,17,0,0,0,0,0,1,2
DoUppSaoJoaoQuietoMatriz,2008,6,18,0,0,0,0,0,1,2
DoUppSaoJoaoQuietoMatriz,2008,7,19,0,0,0,0,0,0,3
DoUppSaoJoaoQuietoMatriz,2008,8,20,1,0,0,0,0,0,0
DoUppSaoJoaoQuietoMatriz,2008,9,21,0,0,0,0,0,0,0
DoUppSaoJoaoQuietoMatriz,2008,10,22,1,0,0,0,0,2,0
DoUppSaoJoaoQuietoMatriz,2008,11,23,1,0,0,0,0,2,3
DoUppSaoJoaoQuietoMatriz,2008,12,24,0,0,0,0,0,0,0
DoUppSaoJoaoQuietoMatriz,2009,1,25,1,0,0,0,0,0,0
DoUppSaoJoaoQuietoMatriz,2009,2,26,0,0,0,0,0,3,2
DoUppSaoJoaoQuietoMatriz,2009,3,27,0,0,0,0,0,0,2
DoUppSaoJoaoQuietoMatriz,2009,4,28,1,0,0,0,0,0,1
DoUppSaoJoaoQuietoMatriz,2009,5,29,0,0,0,0,0,0,2
DoUppSaoJoaoQuietoMatriz,2009,6,30,0,0,0,0,0,0,0
DoUppSaoJoaoQuietoMatriz,2009,7,31,0,0,0,0,0,1,0
DoUppSaoJoaoQuietoMatriz,2009,8,32,0,0,0,0,0,0,1
DoUppSaoJoaoQuietoMatriz,2009,9,33,0,0,0,0,0,2,2
DoUppSaoJoaoQuietoMatriz,2009,10,34,3,0,0,0,0,0,0
DoUppSaoJoaoQuietoMatriz,2009,11,35,0,0,0,0,0,0,2
DoUppSaoJoaoQuietoMatriz,2009,12,36,1,0,0,0,0,0,1
DoUppSaoJoaoQuietoMatriz,2010,1,37,1,0,0,0,0,0,2
DoUppSaoJoaoQuietoMatriz,2010,2,38,0,0,0,0,0,0,2
DoUppSaoJoaoQuietoMatriz,2010,3,39,4,0,0,0,0,1,1
DoUppSaoJoaoQuietoMatriz,2010,4,40,0,0,0,0,0,2,1
DoUppSaoJoaoQuietoMatriz,2010,5,41,0,0,0,0,0,1,3
DoUppSaoJoaoQuietoMatriz,2010,6,42,0,0,0,0,0,0,0
DoUppSaoJoaoQuietoMatriz,2010,7,43,0,0,0,0,0,0,1
DoUppSaoJoaoQuietoMatriz,2010,8,44,0,0,0,0,0,0,2
DoUppSaoJoaoQuietoMatriz,2010,9,45,0,0,0,0,0,1,2
DoUppSaoJoaoQuietoMatriz,2010,10,46,0,0,0,0,0,3,1
DoUppSaoJoaoQuietoMatriz,2010,11,47,0,0,0,0,0,3,0
DoUppSaoJoaoQuietoMatriz,2010,12,48,0,0,0,0,0,2,1
DoUppSaoJoaoQuietoMatriz,2011,1,49,0,0,0,0,0,2,1
DoUppSaoJoaoQuietoMatriz,2011,2,50,0,0,0,0,0,0,0
DoUppSaoJoaoQuietoMatriz,2011,3,51,0,0,0,0,0,0,1
DoUppSaoJoaoQuietoMatriz,2011,4,52,0,0,0,0,0,0,1
DoUppSaoJoaoQuietoMatriz,2011,5,53,0,0,0,0,0,2,2
DoUppSaoJoaoQuietoMatriz,2011,6,54,0,0,0,0,0,1,3
DoUppSaoJoaoQuietoMatriz,2011,7,55,0,0,0,0,0,0,3
DoUppSaoJoaoQuietoMatriz,2011,8,56,0,0,0,0,0,0,2
DoUppSaoJoaoQuietoMatriz,2011,9,57,1,0,0,0,0,0,0
DoUppSaoJoaoQuietoMatriz,2011,10,58,0,0,0,0,0,1,2
DoUppSaoJoaoQuietoMatriz,2011,11,59,0,0,0,0,0,0,2
DoUppSaoJoaoQuietoMatriz,2011,12,60,0,0,0,0,0,1,2
DoUppSaoJoaoQuietoMatriz,2012,1,61,0,0,0,0,0,0,3
DoUppSaoJoaoQuietoMatriz,2012,2,62,0,0,0,0,0,1,3
DoUppSaoJoaoQuietoMatriz,2012,3,63,0,0,0,0,0,1,3
DoUppSaoJoaoQuietoMatriz,2012,4,64,0,0,0,0,0,0,5
DoUppSaoJoaoQuietoMatriz,2012,5,65,0,0,0,0,0,0,0
DoUppSaoJoaoQuietoMatriz,2012,6,66,0,0,0,0,0,2,0
DoUppSaoJoaoQuietoMatriz,2012,7,67,1,0,0,0,0,1,1
DoUppSaoJoaoQuietoMatriz,2012,8,68,0,0,0,0,0,1,3
DoUppSaoJoaoQuietoMatriz,2012,9,69,0,0,0,0,0,1,2
DoUppSaoJoaoQuietoMatriz,2012,10,70,0,0,0,0,0,4,3
DoUppSaoJoaoQuietoMatriz,2012,11,71,0,0,0,0,0,1,2
DoUppSaoJoaoQuietoMatriz,2012,12,72,0,0,0,0,0,0,2
DoUppSaoJoaoQuietoMatriz,2013,1,73,0,0,0,0,0,0,0
DoUppSaoJoaoQuietoMatriz,2013,2,74,0,0,0,0,0,0,2
DoUppSaoJoaoQuietoMatriz,2013,3,75,0,0,0,0,0,0,2
DoUppSaoJoaoQuietoMatriz,2013,4,76,0,0,0,0,0,0,3
DoUppSaoJoaoQuietoMatriz,2013,5,77,0,0,0,0,0,0,3
DoUppSaoJoaoQuietoMatriz,2013,6,78,0,0,0,0,0,0,1
DoUppSaoJoaoQuietoMatriz,2013,7,79,0,0,0,0,0,1,1
DoUppSaoJoaoQuietoMatriz,2013,8,80,0,0,0,0,0,0,1
DoUppSaoJoaoQuietoMatriz,2013,9,81,0,0,0,0,0,0,0
DoUppSaoJoaoQuietoMatriz,2013,10,82,0,0,0,0,0,1,1
DoUppSaoJoaoQuietoMatriz,2013,11,83,0,0,0,0,0,0,1
DoUppSaoJoaoQuietoMatriz,2013,12,84,0,0,0,0,0,2,0
DoUppSaoJoaoQuietoMatriz,2014,1,85,0,0,0,0,0,0,1
DoUppSaoJoaoQuietoMatriz,2014,2,86,0,0,0,0,0,3,2
DoUppSaoJoaoQuietoMatriz,2014,3,87,0,0,0,0,0,1,3
DoUppSaoJoaoQuietoMatriz,2014,4,88,0,0,0,0,0,1,6
DoUppSaoJoaoQuietoMatriz,2014,5,89,0,0,0,0,0,0,1
DoUppSaoJoaoQuietoMatriz,2014,6,90,0,0,1,0,0,2,1
DoUppSaoJoaoQuietoMatriz,2014,7,91,0,0,0,0,0,1,3
DoUppSaoJoaoQuietoMatriz,2014,8,92,1,0,0,0,0,1,1
DoUppSaoJoaoQuietoMatriz,2014,9,93,0,0,0,0,0,0,3
DoUppSaoJoaoQuietoMatriz,2014,10,94,0,0,0,0,0,1,1
DoUppSaoJoaoQuietoMatriz,2014,11,95,1,0,0,0,0,0,0
DoUppSaoJoaoQuietoMatriz,2014,12,96,0,0,0,0,0,1,0
DoUppSaoJoaoQuietoMatriz,2015,1,97,0,0,0,0,0,2,2
DoUppSaoJoaoQuietoMatriz,2015,2,98,3,0,0,0,0,1,3
DoUppSaoJoaoQuietoMatriz,2015,3,99,0,0,0,0,0,1,3
DoUppSaoJoaoQuietoMatriz,2015,4,100,1,0,0,0,0,1,2
DoUppSaoJoaoQuietoMatriz,2015,5,101,0,0,0,0,0,2,5
DoUppSaoJoaoQuietoMatriz,2015,6,102,0,0,0,0,0,0,0
DoUppSaoJoaoQuietoMatriz,2015,7,103,0,0,0,0,0,8,3
DoUppSaoJoaoQuietoMatriz,2015,8,104,0,0,0,0,0,4,2
DoUppSaoJoaoQuietoMatriz,2015,9,105,0,0,0,0,0,3,2
DoUppSaoJoaoQuietoMatriz,2015,10,106,0,0,0,0,0,2,2
DoUppSaoJoaoQuietoMatriz,2015,11,107,0,0,0,0,0,1,3
DoUppSaoJoaoQuietoMatriz,2015,12,108,0,0,0,0,0,1,1
DoUppSaoJoaoQuietoMatriz,2016,1,109,0,0,0,0,0,2,0
DoUppSaoJoaoQuietoMatriz,2016,2,110,0,0,0,0,0,2,4
DoUppSaoJoaoQuietoMatriz,2016,3,111,1,0,0,1,0,2,3
DoUppSaoJoaoQuietoMatriz,2016,4,112,0,0,0,0,0,0,0
DoUppSaoJoaoQuietoMatriz,2016,5,113,0,0,0,0,0,3,2
DoUppSaoJoaoQuietoMatriz,2016,6,114,0,0,0,0,0,3,3
DoUppCoroaFalletFogueteiro,2007,1,1,1,0,0,0,0,2,2
DoUppCoroaFalletFogueteiro,2007,2,2,0,0,0,0,0,2,1
DoUppCoroaFalletFogueteiro,2007,3,3,0,0,0,0,0,1,4
DoUppCoroaFalletFogueteiro,2007,4,4,0,0,0,0,0,0,0
DoUppCoroaFalletFogueteiro,2007,5,5,1,0,0,0,0,0,1
DoUppCoroaFalletFogueteiro,2007,6,6,0,0,0,0,0,3,0
DoUppCoroaFalletFogueteiro,2007,7,7,0,0,0,0,0,1,4
DoUppCoroaFalletFogueteiro,2007,8,8,0,0,0,0,0,1,0
DoUppCoroaFalletFogueteiro,2007,9,9,0,0,0,0,0,0,3
DoUppCoroaFalletFogueteiro,2007,10,10,0,0,0,0,0,2,2
DoUppCoroaFalletFogueteiro,2007,11,11,1,0,0,0,0,1,0
DoUppCoroaFalletFogueteiro,2007,12,12,2,0,0,0,0,0,1
DoUppCoroaFalletFogueteiro,2008,1,13,1,0,0,0,0,1,1
DoUppCoroaFalletFogueteiro,2008,2,14,1,0,0,0,0,2,4
DoUppCoroaFalletFogueteiro,2008,3,15,1,0,0,0,0,2,1
DoUppCoroaFalletFogueteiro,2008,4,16,0,1,0,0,0,2,1
DoUppCoroaFalletFogueteiro,2008,5,17,0,0,0,0,0,0,3
DoUppCoroaFalletFogueteiro,2008,6,18,2,0,0,0,0,4,1
DoUppCoroaFalletFogueteiro,2008,7,19,0,0,0,0,0,1,0
DoUppCoroaFalletFogueteiro,2008,8,20,0,0,0,0,0,1,2
DoUppCoroaFalletFogueteiro,2008,9,21,1,0,0,0,0,0,4
DoUppCoroaFalletFogueteiro,2008,10,22,0,0,0,0,0,1,3
DoUppCoroaFalletFogueteiro,2008,11,23,0,0,0,0,0,3,1
DoUppCoroaFalletFogueteiro,2008,12,24,0,0,0,0,0,1,4
DoUppCoroaFalletFogueteiro,2009,1,25,1,0,0,0,0,1,2
DoUppCoroaFalletFogueteiro,2009,2,26,0,0,0,0,0,0,1
DoUppCoroaFalletFogueteiro,2009,3,27,0,0,0,0,0,1,1
DoUppCoroaFalletFogueteiro,2009,4,28,0,0,0,0,0,0,2
DoUppCoroaFalletFogueteiro,2009,5,29,0,0,0,0,0,0,1
DoUppCoroaFalletFogueteiro,2009,6,30,0,0,0,0,0,2,3
DoUppCoroaFalletFogueteiro,2009,7,31,0,0,0,0,0,1,1
DoUppCoroaFalletFogueteiro,2009,8,32,0,0,0,0,0,1,2
DoUppCoroaFalletFogueteiro,2009,9,33,1,0,0,0,0,1,0
DoUppCoroaFalletFogueteiro,2009,10,34,1,0,0,0,0,2,0
DoUppCoroaFalletFogueteiro,2009,11,35,0,0,0,0,0,1,1
DoUppCoroaFalletFogueteiro,2009,12,36,0,0,0,0,0,0,0
DoUppCoroaFalletFogueteiro,2010,1,37,2,0,0,0,0,0,1
DoUppCoroaFalletFogueteiro,2010,2,38,1,0,0,0,0,0,0
DoUppCoroaFalletFogueteiro,2010,3,39,0,0,0,0,0,0,2
DoUppCoroaFalletFogueteiro,2010,4,40,0,0,0,0,0,1,2
DoUppCoroaFalletFogueteiro,2010,5,41,1,0,0,0,0,0,0
DoUppCoroaFalletFogueteiro,2010,6,42,0,0,0,0,0,1,0
DoUppCoroaFalletFogueteiro,2010,7,43,1,0,0,0,0,0,0
DoUppCoroaFalletFogueteiro,2010,8,44,0,0,0,0,0,0,1
DoUppCoroaFalletFogueteiro,2010,9,45,0,0,0,0,0,0,1
DoUppCoroaFalletFogueteiro,2010,10,46,0,0,0,0,0,1,1
DoUppCoroaFalletFogueteiro,2010,11,47,0,0,0,0,0,0,1
DoUppCoroaFalletFogueteiro,2010,12,48,0,0,0,0,0,1,1
DoUppCoroaFalletFogueteiro,2011,1,49,0,0,0,0,0,0,3
DoUppCoroaFalletFogueteiro,2011,2,50,0,0,0,0,0,0,1
DoUppCoroaFalletFogueteiro,2011,3,51,0,0,0,0,0,0,1
DoUppCoroaFalletFogueteiro,2011,4,52,0,0,0,0,0,0,0
DoUppCoroaFalletFogueteiro,2011,5,53,0,0,0,0,0,0,6
DoUppCoroaFalletFogueteiro,2011,6,54,0,0,0,0,0,0,3
DoUppCoroaFalletFogueteiro,2011,7,55,0,0,0,0,0,0,0
DoUppCoroaFalletFogueteiro,2011,8,56,0,0,0,0,0,1,5
DoUppCoroaFalletFogueteiro,2011,9,57,1,0,0,0,0,0,5
DoUppCoroaFalletFogueteiro,2011,10,58,0,0,0,0,0,0,0
DoUppCoroaFalletFogueteiro,2011,11,59,0,0,0,0,0,0,0
DoUppCoroaFalletFogueteiro,2011,12,60,1,0,0,0,0,0,1
DoUppCoroaFalletFogueteiro,2012,1,61,0,0,0,0,0,0,0
DoUppCoroaFalletFogueteiro,2012,2,62,0,0,0,0,0,0,0
DoUppCoroaFalletFogueteiro,2012,3,63,0,0,0,0,0,0,1
DoUppCoroaFalletFogueteiro,2012,4,64,0,0,0,0,0,0,2
DoUppCoroaFalletFogueteiro,2012,5,65,0,0,0,0,0,0,2
DoUppCoroaFalletFogueteiro,2012,6,66,0,0,0,0,0,1,2
DoUppCoroaFalletFogueteiro,2012,7,67,0,0,0,0,0,0,2
DoUppCoroaFalletFogueteiro,2012,8,68,0,0,0,0,0,0,1
DoUppCoroaFalletFogueteiro,2012,9,69,1,0,0,1,0,1,0
DoUppCoroaFalletFogueteiro,2012,10,70,0,0,0,0,0,0,1
DoUppCoroaFalletFogueteiro,2012,11,71,0,0,0,0,0,0,1
DoUppCoroaFalletFogueteiro,2012,12,72,0,0,0,0,0,1,1
DoUppCoroaFalletFogueteiro,2013,1,73,0,0,0,0,0,3,1
DoUppCoroaFalletFogueteiro,2013,2,74,0,0,0,0,0,1,3
DoUppCoroaFalletFogueteiro,2013,3,75,0,0,0,0,0,1,1
DoUppCoroaFalletFogueteiro,2013,4,76,0,0,0,0,0,0,3
DoUppCoroaFalletFogueteiro,2013,5,77,0,0,0,0,0,0,6
DoUppCoroaFalletFogueteiro,2013,6,78,0,0,0,0,0,0,2
DoUppCoroaFalletFogueteiro,2013,7,79,0,0,0,0,0,1,3
DoUppCoroaFalletFogueteiro,2013,8,80,0,0,0,0,0,1,1
DoUppCoroaFalletFogueteiro,2013,9,81,0,0,0,0,0,0,2
DoUppCoroaFalletFogueteiro,2013,10,82,0,0,0,0,0,3,2
DoUppCoroaFalletFogueteiro,2013,11,83,0,0,0,0,0,0,2
DoUppCoroaFalletFogueteiro,2013,12,84,0,0,0,0,0,1,0
DoUppCoroaFalletFogueteiro,2014,1,85,0,0,0,0,0,2,2
DoUppCoroaFalletFogueteiro,2014,2,86,0,0,0,0,0,0,4
DoUppCoroaFalletFogueteiro,2014,3,87,0,0,0,0,0,0,2
DoUppCoroaFalletFogueteiro,2014,4,88,0,0,0,0,0,2,2
DoUppCoroaFalletFogueteiro,2014,5,89,0,0,0,0,0,0,2
DoUppCoroaFalletFogueteiro,2014,6,90,0,0,0,0,0,0,1
DoUppCoroaFalletFogueteiro,2014,7,91,0,0,0,0,0,3,4
DoUppCoroaFalletFogueteiro,2014,8,92,1,0,0,1,0,0,0
DoUppCoroaFalletFogueteiro,2014,9,93,0,0,0,0,0,0,2
DoUppCoroaFalletFogueteiro,2014,10,94,0,0,0,0,0,0,4
DoUppCoroaFalletFogueteiro,2014,11,95,0,0,0,0,0,0,3
DoUppCoroaFalletFogueteiro,2014,12,96,0,0,0,0,0,0,2
DoUppCoroaFalletFogueteiro,2015,1,97,0,0,0,0,0,1,1
DoUppCoroaFalletFogueteiro,2015,2,98,0,0,0,0,0,3,1
DoUppCoroaFalletFogueteiro,2015,3,99,0,0,0,0,0,0,1
DoUppCoroaFalletFogueteiro,2015,4,100,0,0,0,0,0,1,0
DoUppCoroaFalletFogueteiro,2015,5,101,6,0,0,0,0,1,2
DoUppCoroaFalletFogueteiro,2015,6,102,0,0,0,0,0,1,1
DoUppCoroaFalletFogueteiro,2015,7,103,0,0,0,0,0,0,1
DoUppCoroaFalletFogueteiro,2015,8,104,1,0,0,0,0,0,3
DoUppCoroaFalletFogueteiro,2015,9,105,2,0,0,0,0,2,3
DoUppCoroaFalletFogueteiro,2015,10,106,0,0,0,0,0,0,3
DoUppCoroaFalletFogueteiro,2015,11,107,2,0,0,0,0,3,0
DoUppCoroaFalletFogueteiro,2015,12,108,0,0,0,0,0,2,0
DoUppCoroaFalletFogueteiro,2016,1,109,0,0,0,0,0,1,0
DoUppCoroaFalletFogueteiro,2016,2,110,0,0,0,0,0,0,1
DoUppCoroaFalletFogueteiro,2016,3,111,0,0,0,0,0,2,3
DoUppCoroaFalletFogueteiro,2016,4,112,0,0,0,0,0,1,2
DoUppCoroaFalletFogueteiro,2016,5,113,1,0,0,0,0,0,0
DoUppCoroaFalletFogueteiro,2016,6,114,0,0,0,0,0,0,2
DoUppEscondidinhoEPrazeres,2007,1,1,1,0,0,0,0,0,1
DoUppEscondidinhoEPrazeres,2007,2,2,0,0,0,0,0,0,0
DoUppEscondidinhoEPrazeres,2007,3,3,0,0,0,0,0,1,1
DoUppEscondidinhoEPrazeres,2007,4,4,3,0,0,0,0,0,0
DoUppEscondidinhoEPrazeres,2007,5,5,0,0,0,0,0,1,1
DoUppEscondidinhoEPrazeres,2007,6,6,0,0,0,0,0,1,0
DoUppEscondidinhoEPrazeres,2007,7,7,0,0,0,0,0,1,1
DoUppEscondidinhoEPrazeres,2007,8,8,0,0,0,0,0,0,0
DoUppEscondidinhoEPrazeres,2007,9,9,0,0,0,0,0,3,1
DoUppEscondidinhoEPrazeres,2007,10,10,0,0,0,0,0,0,2
DoUppEscondidinhoEPrazeres,2007,11,11,0,0,0,0,0,1,1
DoUppEscondidinhoEPrazeres,2007,12,12,0,0,0,0,0,2,0
DoUppEscondidinhoEPrazeres,2008,1,13,0,0,0,0,0,2,1
DoUppEscondidinhoEPrazeres,2008,2,14,0,0,0,0,0,2,3
DoUppEscondidinhoEPrazeres,2008,3,15,0,0,0,0,0,1,2
DoUppEscondidinhoEPrazeres,2008,4,16,0,0,0,0,0,2,1
DoUppEscondidinhoEPrazeres,2008,5,17,1,0,0,0,0,0,1
DoUppEscondidinhoEPrazeres,2008,6,18,0,0,0,0,0,3,0
DoUppEscondidinhoEPrazeres,2008,7,19,0,0,0,0,0,1,0
DoUppEscondidinhoEPrazeres,2008,8,20,0,0,0,0,0,2,2
DoUppEscondidinhoEPrazeres,2008,9,21,0,0,0,0,0,0,3
DoUppEscondidinhoEPrazeres,2008,10,22,0,0,0,0,0,0,3
DoUppEscondidinhoEPrazeres,2008,11,23,0,0,0,0,0,0,1
DoUppEscondidinhoEPrazeres,2008,12,24,0,0,0,0,0,0,0
DoUppEscondidinhoEPrazeres,2009,1,25,0,0,0,0,0,1,2
DoUppEscondidinhoEPrazeres,2009,2,26,0,0,0,0,0,2,1
DoUppEscondidinhoEPrazeres,2009,3,27,0,0,0,0,0,1,3
DoUppEscondidinhoEPrazeres,2009,4,28,0,0,0,0,0,0,0
DoUppEscondidinhoEPrazeres,2009,5,29,1,0,0,0,0,0,1
DoUppEscondidinhoEPrazeres,2009,6,30,0,0,0,0,0,1,0
DoUppEscondidinhoEPrazeres,2009,7,31,0,0,0,0,0,1,3
DoUppEscondidinhoEPrazeres,2009,8,32,0,0,0,0,0,0,3
DoUppEscondidinhoEPrazeres,2009,9,33,0,0,0,0,0,0,1
DoUppEscondidinhoEPrazeres,2009,10,34,0,0,0,0,0,1,0
DoUppEscondidinhoEPrazeres,2009,11,35,0,0,0,0,0,0,1
DoUppEscondidinhoEPrazeres,2009,12,36,0,0,0,0,0,2,1
DoUppEscondidinhoEPrazeres,2010,1,37,0,0,0,0,0,2,3
DoUppEscondidinhoEPrazeres,2010,2,38,0,0,0,0,0,0,0
DoUppEscondidinhoEPrazeres,2010,3,39,0,0,0,0,0,3,1
DoUppEscondidinhoEPrazeres,2010,4,40,1,0,0,0,0,1,0
DoUppEscondidinhoEPrazeres,2010,5,41,0,0,0,0,0,1,1
DoUppEscondidinhoEPrazeres,2010,6,42,0,0,0,0,0,0,2
DoUppEscondidinhoEPrazeres,2010,7,43,1,0,0,0,0,2,0
DoUppEscondidinhoEPrazeres,2010,8,44,1,0,0,0,0,1,1
DoUppEscondidinhoEPrazeres,2010,9,45,0,0,0,0,0,2,2
DoUppEscondidinhoEPrazeres,2010,10,46,0,0,0,0,0,0,1
DoUppEscondidinhoEPrazeres,2010,11,47,0,0,0,0,0,0,0
DoUppEscondidinhoEPrazeres,2010,12,48,0,0,0,0,0,1,0
DoUppEscondidinhoEPrazeres,2011,1,49,0,0,0,0,0,1,3
DoUppEscondidinhoEPrazeres,2011,2,50,0,0,0,0,0,0,2
DoUppEscondidinhoEPrazeres,2011,3,51,0,0,0,0,0,0,2
DoUppEscondidinhoEPrazeres,2011,4,52,0,0,0,0,0,2,2
DoUppEscondidinhoEPrazeres,2011,5,53,0,0,0,0,0,0,1
DoUppEscondidinhoEPrazeres,2011,6,54,0,0,0,0,0,1,1
DoUppEscondidinhoEPrazeres,2011,7,55,1,0,0,0,0,1,1
DoUppEscondidinhoEPrazeres,2011,8,56,0,0,0,0,0,0,1
DoUppEscondidinhoEPrazeres,2011,9,57,0,0,0,0,0,1,3
DoUppEscondidinhoEPrazeres,2011,10,58,0,0,0,0,0,0,4
DoUppEscondidinhoEPrazeres,2011,11,59,0,0,0,0,0,0,0
DoUppEscondidinhoEPrazeres,2011,12,60,0,0,0,0,0,2,1
DoUppEscondidinhoEPrazeres,2012,1,61,0,0,0,0,0,3,0
DoUppEscondidinhoEPrazeres,2012,2,62,1,0,0,0,0,0,3
DoUppEscondidinhoEPrazeres,2012,3,63,0,0,0,0,0,0,4
DoUppEscondidinhoEPrazeres,2012,4,64,0,0,0,0,0,2,0
DoUppEscondidinhoEPrazeres,2012,5,65,0,0,0,0,0,3,3
DoUppEscondidinhoEPrazeres,2012,6,66,0,0,0,0,0,2,2
DoUppEscondidinhoEPrazeres,2012,7,67,0,0,0,0,0,1,2
DoUppEscondidinhoEPrazeres,2012,8,68,0,0,0,0,0,1,4
DoUppEscondidinhoEPrazeres,2012,9,69,0,0,0,0,0,2,3
DoUppEscondidinhoEPrazeres,2012,10,70,0,0,0,0,0,0,2
DoUppEscondidinhoEPrazeres,2012,11,71,0,0,0,0,0,0,2
DoUppEscondidinhoEPrazeres,2012,12,72,0,0,0,0,0,1,1
DoUppEscondidinhoEPrazeres,2013,1,73,0,0,0,0,0,2,1
DoUppEscondidinhoEPrazeres,2013,2,74,0,0,0,0,0,0,5
DoUppEscondidinhoEPrazeres,2013,3,75,0,0,0,0,0,0,3
DoUppEscondidinhoEPrazeres,2013,4,76,0,0,0,0,0,1,2
DoUppEscondidinhoEPrazeres,2013,5,77,0,0,0,0,0,0,1
DoUppEscondidinhoEPrazeres,2013,6,78,0,0,0,0,0,2,0
DoUppEscondidinhoEPrazeres,2013,7,79,0,0,0,0,0,0,0
DoUppEscondidinhoEPrazeres,2013,8,80,0,0,0,0,0,1,1
DoUppEscondidinhoEPrazeres,2013,9,81,0,0,0,0,0,0,1
DoUppEscondidinhoEPrazeres,2013,10,82,0,0,0,0,0,2,1
DoUppEscondidinhoEPrazeres,2013,11,83,0,0,0,0,0,0,0
DoUppEscondidinhoEPrazeres,2013,12,84,0,0,0,0,0,0,0
DoUppEscondidinhoEPrazeres,2014,1,85,0,0,0,0,0,1,2
DoUppEscondidinhoEPrazeres,2014,2,86,0,0,0,0,0,0,2
DoUppEscondidinhoEPrazeres,2014,3,87,0,0,0,0,0,1,0
DoUppEscondidinhoEPrazeres,2014,4,88,0,0,0,0,0,0,2
DoUppEscondidinhoEPrazeres,2014,5,89,0,0,0,0,0,2,2
DoUppEscondidinhoEPrazeres,2014,6,90,0,0,0,0,0,0,0
DoUppEscondidinhoEPrazeres,2014,7,91,0,0,0,0,0,1,1
DoUppEscondidinhoEPrazeres,2014,8,92,0,0,0,0,0,0,0
DoUppEscondidinhoEPrazeres,2014,9,93,0,0,0,0,0,1,1
DoUppEscondidinhoEPrazeres,2014,10,94,0,0,0,0,0,0,0
DoUppEscondidinhoEPrazeres,2014,11,95,0,0,0,0,0,0,1
DoUppEscondidinhoEPrazeres,2014,12,96,0,0,0,0,0,2,0
DoUppEscondidinhoEPrazeres,2015,1,97,0,0,0,0,0,0,4
DoUppEscondidinhoEPrazeres,2015,2,98,0,0,0,0,0,0,3
DoUppEscondidinhoEPrazeres,2015,3,99,0,0,0,0,0,0,2
DoUppEscondidinhoEPrazeres,2015,4,100,0,0,0,0,0,0,1
DoUppEscondidinhoEPrazeres,2015,5,101,0,0,0,0,0,0,0
DoUppEscondidinhoEPrazeres,2015,6,102,0,0,0,0,0,0,0
DoUppEscondidinhoEPrazeres,2015,7,103,0,0,0,0,0,0,1
DoUppEscondidinhoEPrazeres,2015,8,104,0,0,0,0,0,0,1
DoUppEscondidinhoEPrazeres,2015,9,105,0,0,0,0,0,0,0
DoUppEscondidinhoEPrazeres,2015,10,106,2,0,0,0,0,1,0
DoUppEscondidinhoEPrazeres,2015,11,107,0,0,0,0,0,1,1
DoUppEscondidinhoEPrazeres,2015,12,108,0,0,0,0,0,1,0
DoUppEscondidinhoEPrazeres,2016,1,109,0,0,0,0,0,0,3
DoUppEscondidinhoEPrazeres,2016,2,110,0,0,0,0,0,1,0
DoUppEscondidinhoEPrazeres,2016,3,111,0,0,0,0,0,1,0
DoUppEscondidinhoEPrazeres,2016,4,112,1,0,0,0,0,1,0
DoUppEscondidinhoEPrazeres,2016,5,113,0,0,0,0,0,0,2
DoUppEscondidinhoEPrazeres,2016,6,114,0,0,0,0,0,1,1
DoUppMangueira,2007,1,1,1,0,0,0,0,4,5
DoUppMangueira,2007,2,2,0,0,0,0,0,3,4
DoUppMangueira,2007,3,3,0,0,0,0,0,2,3
DoUppMangueira,2007,4,4,0,0,0,0,0,4,2
DoUppMangueira,2007,5,5,0,0,0,0,0,6,2
DoUppMangueira,2007,6,6,0,0,0,0,0,7,2
DoUppMangueira,2007,7,7,0,0,0,0,0,9,0
DoUppMangueira,2007,8,8,0,0,0,0,0,5,4
DoUppMangueira,2007,9,9,1,0,0,0,0,0,2
DoUppMangueira,2007,10,10,1,0,0,0,0,1,5
DoUppMangueira,2007,11,11,0,0,0,0,0,2,5
DoUppMangueira,2007,12,12,1,0,0,0,0,1,3
DoUppMangueira,2008,1,13,1,0,0,0,0,2,6
DoUppMangueira,2008,2,14,0,0,0,0,0,4,1
DoUppMangueira,2008,3,15,0,0,0,0,0,1,3
DoUppMangueira,2008,4,16,1,0,0,0,0,1,3
DoUppMangueira,2008,5,17,0,0,0,0,0,2,1
DoUppMangueira,2008,6,18,1,0,0,0,0,0,0
DoUppMangueira,2008,7,19,0,0,0,0,0,2,5
DoUppMangueira,2008,8,20,1,0,0,0,0,1,4
DoUppMangueira,2008,9,21,1,0,0,0,0,2,4
DoUppMangueira,2008,10,22,0,0,0,0,0,3,2
DoUppMangueira,2008,11,23,0,0,0,0,0,2,0
DoUppMangueira,2008,12,24,0,0,0,0,0,2,7
DoUppMangueira,2009,1,25,0,0,0,0,0,1,1
DoUppMangueira,2009,2,26,0,0,0,0,0,2,2
DoUppMangueira,2009,3,27,1,0,0,0,0,3,3
DoUppMangueira,2009,4,28,0,0,0,0,0,3,3
DoUppMangueira,2009,5,29,1,0,0,0,0,1,0
DoUppMangueira,2009,6,30,0,0,0,0,0,1,5
DoUppMangueira,2009,7,31,0,0,0,0,0,3,6
DoUppMangueira,2009,8,32,0,0,0,0,0,4,5
DoUppMangueira,2009,9,33,0,0,0,0,0,3,7
DoUppMangueira,2009,10,34,0,0,0,0,0,2,6
DoUppMangueira,2009,11,35,1,0,0,0,0,0,4
DoUppMangueira,2009,12,36,0,0,0,0,0,1,0
DoUppMangueira,2010,1,37,0,0,0,0,0,3,4
DoUppMangueira,2010,2,38,0,0,0,0,0,2,4
DoUppMangueira,2010,3,39,0,0,0,0,0,3,0
DoUppMangueira,2010,4,40,0,0,0,0,0,2,3
DoUppMangueira,2010,5,41,0,0,0,0,0,2,0
DoUppMangueira,2010,6,42,0,0,0,0,0,0,0
DoUppMangueira,2010,7,43,0,0,0,0,0,2,3
DoUppMangueira,2010,8,44,0,0,0,0,0,0,4
DoUppMangueira,2010,9,45,0,0,0,0,0,1,5
DoUppMangueira,2010,10,46,0,0,0,0,0,0,6
DoUppMangueira,2010,11,47,1,0,0,0,0,0,4
DoUppMangueira,2010,12,48,0,0,0,0,0,2,5
DoUppMangueira,2011,1,49,1,0,0,0,0,4,5
DoUppMangueira,2011,2,50,2,0,0,0,0,5,7
DoUppMangueira,2011,3,51,1,0,0,0,0,2,2
DoUppMangueira,2011,4,52,0,0,0,0,0,3,4
DoUppMangueira,2011,5,53,0,0,0,0,0,3,11
DoUppMangueira,2011,6,54,0,0,0,0,0,0,8
DoUppMangueira,2011,7,55,0,0,0,0,0,3,7
DoUppMangueira,2011,8,56,0,0,0,0,0,3,9
DoUppMangueira,2011,9,57,0,0,0,0,0,1,7
DoUppMangueira,2011,10,58,0,0,0,0,0,3,5
DoUppMangueira,2011,11,59,0,0,0,0,0,2,3
DoUppMangueira,2011,12,60,0,0,0,0,0,3,8
DoUppMangueira,2012,1,61,0,0,0,0,0,3,3
DoUppMangueira,2012,2,62,0,0,0,0,0,0,6
DoUppMangueira,2012,3,63,0,0,0,0,0,0,5
DoUppMangueira,2012,4,64,0,0,0,0,0,2,3
DoUppMangueira,2012,5,65,0,0,0,0,0,0,5
DoUppMangueira,2012,6,66,0,0,0,0,0,0,6
DoUppMangueira,2012,7,67,0,0,0,0,0,2,2
DoUppMangueira,2012,8,68,0,0,0,0,0,1,4
DoUppMangueira,2012,9,69,0,0,0,0,0,1,5
DoUppMangueira,2012,10,70,0,0,0,0,0,1,5
DoUppMangueira,2012,11,71,0,0,0,0,0,2,2
DoUppMangueira,2012,12,72,0,0,0,0,0,2,7
DoUppMangueira,2013,1,73,0,0,0,0,0,1,3
DoUppMangueira,2013,2,74,1,0,0,0,0,2,6
DoUppMangueira,2013,3,75,0,0,0,0,0,0,5
DoUppMangueira,2013,4,76,0,0,0,0,0,6,3
DoUppMangueira,2013,5,77,0,0,0,0,0,4,2
DoUppMangueira,2013,6,78,0,0,0,0,0,1,4
DoUppMangueira,2013,7,79,0,0,0,0,0,1,5
DoUppMangueira,2013,8,80,0,0,0,0,0,3,4
DoUppMangueira,2013,9,81,0,0,0,0,0,2,3
DoUppMangueira,2013,10,82,0,0,0,0,0,2,4
DoUppMangueira,2013,11,83,0,0,0,0,0,3,4
DoUppMangueira,2013,12,84,0,0,0,0,0,4,7
DoUppMangueira,2014,1,85,0,0,0,0,0,1,4
DoUppMangueira,2014,2,86,0,0,0,0,0,2,5
DoUppMangueira,2014,3,87,0,0,0,0,0,0,2
DoUppMangueira,2014,4,88,0,0,0,0,0,2,3
DoUppMangueira,2014,5,89,0,0,0,0,0,2,2
DoUppMangueira,2014,6,90,0,0,0,0,0,1,0
DoUppMangueira,2014,7,91,0,0,0,0,0,2,2
DoUppMangueira,2014,8,92,0,0,0,0,0,0,0
DoUppMangueira,2014,9,93,2,0,0,0,0,0,0
DoUppMangueira,2014,10,94,3,0,0,1,0,3,0
DoUppMangueira,2014,11,95,0,0,0,0,0,0,1
DoUppMangueira,2014,12,96,0,0,0,0,0,0,1
DoUppMangueira,2015,1,97,0,0,0,0,0,4,0
DoUppMangueira,2015,2,98,0,0,0,0,0,1,3
DoUppMangueira,2015,3,99,2,0,0,0,0,1,2
DoUppMangueira,2015,4,100,0,0,0,0,0,0,0
DoUppMangueira,2015,5,101,1,0,0,0,0,1,0
DoUppMangueira,2015,6,102,0,0,0,0,0,0,1
DoUppMangueira,2015,7,103,0,0,0,0,0,3,0
DoUppMangueira,2015,8,104,0,0,0,0,0,2,0
DoUppMangueira,2015,9,105,0,0,0,0,0,5,1
DoUppMangueira,2015,10,106,0,0,0,0,0,6,4
DoUppMangueira,2015,11,107,0,0,0,0,0,1,1
DoUppMangueira,2015,12,108,1,1,0,0,0,3,0
DoUppMangueira,2016,1,109,0,0,0,0,0,1,4
DoUppMangueira,2016,2,110,0,0,0,0,0,1,3
DoUppMangueira,2016,3,111,0,0,0,0,0,1,2
DoUppMangueira,2016,4,112,1,0,0,1,0,3,4
DoUppMangueira,2016,5,113,0,0,0,0,0,1,1
DoUppMangueira,2016,6,114,0,0,0,0,0,0,2
DoUppSaoCarlos,2007,1,1,0,0,0,0,0,3,2
DoUppSaoCarlos,2007,2,2,1,0,0,0,0,1,2
DoUppSaoCarlos,2007,3,3,0,0,0,0,0,1,1
DoUppSaoCarlos,2007,4,4,10,0,0,0,0,1,2
DoUppSaoCarlos,2007,5,5,0,0,0,0,0,2,1
DoUppSaoCarlos,2007,6,6,0,0,0,0,0,0,1
DoUppSaoCarlos,2007,7,7,0,0,0,0,0,5,2
DoUppSaoCarlos,2007,8,8,4,0,0,0,0,0,2
DoUppSaoCarlos,2007,9,9,0,0,0,0,0,4,1
DoUppSaoCarlos,2007,10,10,0,0,0,0,0,2,2
DoUppSaoCarlos,2007,11,11,0,0,0,0,0,3,4
DoUppSaoCarlos,2007,12,12,2,0,0,0,0,1,2
DoUppSaoCarlos,2008,1,13,0,0,0,0,0,1,5
DoUppSaoCarlos,2008,2,14,0,0,0,0,0,3,0
DoUppSaoCarlos,2008,3,15,1,0,0,0,0,4,5
DoUppSaoCarlos,2008,4,16,0,0,0,0,0,4,2
DoUppSaoCarlos,2008,5,17,0,0,0,0,0,3,2
DoUppSaoCarlos,2008,6,18,0,0,0,0,0,2,4
DoUppSaoCarlos,2008,7,19,1,0,0,0,0,5,0
DoUppSaoCarlos,2008,8,20,0,0,0,0,0,2,2
DoUppSaoCarlos,2008,9,21,0,0,0,0,0,2,2
DoUppSaoCarlos,2008,10,22,0,0,0,0,0,3,9
DoUppSaoCarlos,2008,11,23,0,0,0,0,0,2,2
DoUppSaoCarlos,2008,12,24,0,0,0,0,0,0,3
DoUppSaoCarlos,2009,1,25,1,0,0,0,0,5,3
DoUppSaoCarlos,2009,2,26,1,0,0,0,0,1,4
DoUppSaoCarlos,2009,3,27,0,0,1,0,0,2,5
DoUppSaoCarlos,2009,4,28,0,0,0,0,0,3,1
DoUppSaoCarlos,2009,5,29,1,0,0,0,0,4,2
DoUppSaoCarlos,2009,6,30,0,0,0,0,0,2,2
DoUppSaoCarlos,2009,7,31,3,0,0,0,0,4,3
DoUppSaoCarlos,2009,8,32,0,0,0,0,0,2,4
DoUppSaoCarlos,2009,9,33,1,0,0,0,0,1,1
DoUppSaoCarlos,2009,10,34,1,0,0,0,0,3,2
DoUppSaoCarlos,2009,11,35,1,0,0,0,0,0,4
DoUppSaoCarlos,2009,12,36,0,0,0,0,0,4,2
DoUppSaoCarlos,2010,1,37,0,0,0,0,0,2,3
DoUppSaoCarlos,2010,2,38,0,0,0,0,0,2,1
DoUppSaoCarlos,2010,3,39,1,0,0,0,0,5,1
DoUppSaoCarlos,2010,4,40,0,0,0,0,0,2,1
DoUppSaoCarlos,2010,5,41,0,0,0,0,0,0,2
DoUppSaoCarlos,2010,6,42,1,0,0,0,0,4,4
DoUppSaoCarlos,2010,7,43,0,0,0,0,0,2,1
DoUppSaoCarlos,2010,8,44,0,0,0,0,0,2,5
DoUppSaoCarlos,2010,9,45,0,0,0,0,0,3,5
DoUppSaoCarlos,2010,10,46,0,0,0,0,0,3,5
DoUppSaoCarlos,2010,11,47,1,0,0,0,0,1,5
DoUppSaoCarlos,2010,12,48,0,0,0,0,0,1,5
DoUppSaoCarlos,2011,1,49,0,0,0,0,0,1,2
DoUppSaoCarlos,2011,2,50,0,0,0,0,0,0,4
DoUppSaoCarlos,2011,3,51,0,0,0,0,0,3,2
DoUppSaoCarlos,2011,4,52,0,0,0,0,0,0,7
DoUppSaoCarlos,2011,5,53,1,0,0,0,0,0,8
DoUppSaoCarlos,2011,6,54,0,0,0,0,0,0,6
DoUppSaoCarlos,2011,7,55,2,0,0,0,0,3,7
DoUppSaoCarlos,2011,8,56,1,0,0,0,0,4,4
DoUppSaoCarlos,2011,9,57,0,0,0,0,0,1,7
DoUppSaoCarlos,2011,10,58,0,0,0,0,0,2,4
DoUppSaoCarlos,2011,11,59,0,0,0,0,0,1,2
DoUppSaoCarlos,2011,12,60,0,0,0,0,0,1,6
DoUppSaoCarlos,2012,1,61,0,0,0,0,0,1,3
DoUppSaoCarlos,2012,2,62,0,0,0,0,0,0,9
DoUppSaoCarlos,2012,3,63,0,0,0,0,0,1,8
DoUppSaoCarlos,2012,4,64,1,0,0,0,0,1,5
DoUppSaoCarlos,2012,5,65,1,0,0,0,0,1,4
DoUppSaoCarlos,2012,6,66,0,0,0,0,0,1,6
DoUppSaoCarlos,2012,7,67,0,0,0,0,0,0,6
DoUppSaoCarlos,2012,8,68,0,0,0,0,0,1,4
DoUppSaoCarlos,2012,9,69,0,0,0,0,0,1,4
DoUppSaoCarlos,2012,10,70,0,0,0,0,0,2,6
DoUppSaoCarlos,2012,11,71,0,0,0,0,0,0,0
DoUppSaoCarlos,2012,12,72,0,0,0,0,0,0,1
DoUppSaoCarlos,2013,1,73,0,0,0,0,0,0,4
DoUppSaoCarlos,2013,2,74,0,0,0,0,0,1,4
DoUppSaoCarlos,2013,3,75,0,0,0,0,0,0,2
DoUppSaoCarlos,2013,4,76,0,0,0,0,0,0,2
DoUppSaoCarlos,2013,5,77,0,0,0,0,0,1,2
DoUppSaoCarlos,2013,6,78,0,0,0,0,0,0,2
DoUppSaoCarlos,2013,7,79,0,0,0,0,0,0,3
DoUppSaoCarlos,2013,8,80,0,0,0,0,0,0,1
DoUppSaoCarlos,2013,9,81,0,0,0,0,0,0,2
DoUppSaoCarlos,2013,10,82,1,0,0,0,0,0,4
DoUppSaoCarlos,2013,11,83,0,0,0,0,0,0,2
DoUppSaoCarlos,2013,12,84,1,0,0,0,0,3,1
DoUppSaoCarlos,2014,1,85,0,0,0,0,0,0,4
DoUppSaoCarlos,2014,2,86,0,0,0,0,0,1,0
DoUppSaoCarlos,2014,3,87,1,0,0,0,0,0,2
DoUppSaoCarlos,2014,4,88,0,0,0,0,0,0,1
DoUppSaoCarlos,2014,5,89,1,0,0,0,0,0,4
DoUppSaoCarlos,2014,6,90,0,0,0,0,0,2,3
DoUppSaoCarlos,2014,7,91,0,0,0,0,0,1,1
DoUppSaoCarlos,2014,8,92,0,0,0,0,0,3,6
DoUppSaoCarlos,2014,9,93,2,0,0,0,0,0,4
DoUppSaoCarlos,2014,10,94,0,0,0,0,0,0,3
DoUppSaoCarlos,2014,11,95,0,0,0,0,0,2,5
DoUppSaoCarlos,2014,12,96,0,0,0,0,0,0,1
DoUppSaoCarlos,2015,1,97,0,0,0,1,0,3,1
DoUppSaoCarlos,2015,2,98,1,0,0,0,0,1,4
DoUppSaoCarlos,2015,3,99,0,0,0,0,0,1,5
DoUppSaoCarlos,2015,4,100,0,0,0,0,0,0,5
DoUppSaoCarlos,2015,5,101,5,0,0,0,0,1,5
DoUppSaoCarlos,2015,6,102,1,0,0,1,0,1,3
DoUppSaoCarlos,2015,7,103,0,0,0,0,0,0,1
DoUppSaoCarlos,2015,8,104,0,0,0,0,0,1,2
DoUppSaoCarlos,2015,9,105,0,0,0,0,0,2,3
DoUppSaoCarlos,2015,10,106,0,0,0,0,0,0,0
DoUppSaoCarlos,2015,11,107,0,0,0,0,0,1,7
DoUppSaoCarlos,2015,12,108,0,0,0,0,0,3,4
DoUppSaoCarlos,2016,1,109,0,0,0,0,0,1,3
DoUppSaoCarlos,2016,2,110,0,0,0,0,0,1,4
DoUppSaoCarlos,2016,3,111,0,0,0,0,0,3,2
DoUppSaoCarlos,2016,4,112,0,0,0,0,0,1,3
DoUppSaoCarlos,2016,5,113,0,0,0,0,0,2,1
DoUppSaoCarlos,2016,6,114,0,0,0,0,0,0,1
DoUppVidigal,2007,1,1,0,0,0,0,0,0,2
DoUppVidigal,2007,2,2,0,0,0,0,0,0,0
DoUppVidigal,2007,3,3,1,0,0,0,0,0,0
DoUppVidigal,2007,4,4,0,0,0,0,0,0,0
DoUppVidigal,2007,5,5,0,0,0,0,0,1,4
DoUppVidigal,2007,6,6,0,0,0,0,0,0,1
DoUppVidigal,2007,7,7,0,0,0,0,0,0,1
DoUppVidigal,2007,8,8,0,0,0,0,0,0,0
DoUppVidigal,2007,9,9,0,0,0,0,0,0,0
DoUppVidigal,2007,10,10,0,0,0,0,0,0,0
DoUppVidigal,2007,11,11,0,0,0,0,0,0,0
DoUppVidigal,2007,12,12,0,0,0,0,0,1,0
DoUppVidigal,2008,1,13,0,0,0,0,0,0,2
DoUppVidigal,2008,2,14,0,0,0,0,0,0,0
DoUppVidigal,2008,3,15,0,0,0,0,0,0,0
DoUppVidigal,2008,4,16,0,0,0,0,0,0,0
DoUppVidigal,2008,5,17,0,0,0,0,0,0,1
DoUppVidigal,2008,6,18,0,0,0,0,0,0,0
DoUppVidigal,2008,7,19,0,0,0,0,0,0,0
DoUppVidigal,2008,8,20,0,0,0,0,0,0,1
DoUppVidigal,2008,9,21,0,0,0,0,0,1,1
DoUppVidigal,2008,10,22,0,0,0,0,0,0,3
DoUppVidigal,2008,11,23,0,0,0,0,0,0,0
DoUppVidigal,2008,12,24,1,0,0,0,0,0,1
DoUppVidigal,2009,1,25,0,0,0,0,0,0,3
DoUppVidigal,2009,2,26,0,0,0,0,0,0,1
DoUppVidigal,2009,3,27,0,0,0,0,0,0,1
DoUppVidigal,2009,4,28,0,0,0,0,0,0,1
DoUppVidigal,2009,5,29,0,0,0,0,0,0,2
DoUppVidigal,2009,6,30,0,0,0,1,0,1,1
DoUppVidigal,2009,7,31,0,0,0,0,0,0,1
DoUppVidigal,2009,8,32,0,0,0,0,0,0,3
DoUppVidigal,2009,9,33,0,0,0,0,0,0,0
DoUppVidigal,2009,10,34,0,0,0,0,0,0,2
DoUppVidigal,2009,11,35,0,0,0,0,0,0,1
DoUppVidigal,2009,12,36,0,0,0,0,0,0,1
DoUppVidigal,2010,1,37,0,0,0,0,0,0,1
DoUppVidigal,2010,2,38,1,0,0,0,0,1,3
DoUppVidigal,2010,3,39,0,0,0,0,0,0,2
DoUppVidigal,2010,4,40,1,0,0,0,0,0,2
DoUppVidigal,2010,5,41,0,0,0,0,0,0,1
DoUppVidigal,2010,6,42,0,0,0,0,0,0,1
DoUppVidigal,2010,7,43,0,0,0,0,0,1,0
DoUppVidigal,2010,8,44,0,0,0,0,0,0,3
DoUppVidigal,2010,9,45,0,0,0,0,0,1,3
DoUppVidigal,2010,10,46,0,0,0,0,0,0,2
DoUppVidigal,2010,11,47,1,0,0,0,0,0,0
DoUppVidigal,2010,12,48,0,0,0,0,0,0,3
DoUppVidigal,2011,1,49,0,0,0,0,0,1,1
DoUppVidigal,2011,2,50,0,0,0,0,0,0,2
DoUppVidigal,2011,3,51,0,0,0,0,0,0,1
DoUppVidigal,2011,4,52,0,0,0,0,0,0,0
DoUppVidigal,2011,5,53,0,0,0,0,0,0,3
DoUppVidigal,2011,6,54,0,0,0,0,0,0,1
DoUppVidigal,2011,7,55,0,0,0,0,0,0,2
DoUppVidigal,2011,8,56,0,0,0,0,0,0,2
DoUppVidigal,2011,9,57,0,0,0,0,0,0,0
DoUppVidigal,2011,10,58,0,0,0,0,0,0,0
DoUppVidigal,2011,11,59,0,0,0,0,0,0,1
DoUppVidigal,2011,12,60,0,0,0,0,0,1,4
DoUppVidigal,2012,1,61,0,0,0,0,0,0,1
DoUppVidigal,2012,2,62,0,0,0,0,0,0,2
DoUppVidigal,2012,3,63,0,0,0,0,0,0,2
DoUppVidigal,2012,4,64,0,0,0,0,0,0,4
DoUppVidigal,2012,5,65,0,0,0,0,0,1,5
DoUppVidigal,2012,6,66,0,0,0,0,0,0,1
DoUppVidigal,2012,7,67,0,0,0,0,0,0,5
DoUppVidigal,2012,8,68,1,0,0,0,0,0,6
DoUppVidigal,2012,9,69,0,0,0,0,0,0,3
DoUppVidigal,2012,10,70,0,0,0,0,0,0,2
DoUppVidigal,2012,11,71,0,0,0,0,0,0,1
DoUppVidigal,2012,12,72,0,0,0,0,0,0,4
DoUppVidigal,2013,1,73,0,0,0,0,0,1,4
DoUppVidigal,2013,2,74,1,0,0,0,0,1,7
DoUppVidigal,2013,3,75,0,0,0,0,0,0,1
DoUppVidigal,2013,4,76,0,0,0,0,0,1,7
DoUppVidigal,2013,5,77,0,0,0,0,0,1,8
DoUppVidigal,2013,6,78,0,0,0,0,0,0,2
DoUppVidigal,2013,7,79,0,0,0,0,0,0,1
DoUppVidigal,2013,8,80,0,0,0,0,0,0,3
DoUppVidigal,2013,9,81,0,0,0,0,0,0,3
DoUppVidigal,2013,10,82,0,0,0,0,0,1,2
DoUppVidigal,2013,11,83,0,0,0,0,0,0,1
DoUppVidigal,2013,12,84,0,0,0,0,0,1,5
DoUppVidigal,2014,1,85,0,0,0,0,0,0,4
DoUppVidigal,2014,2,86,0,0,0,0,0,0,2
DoUppVidigal,2014,3,87,0,0,0,0,0,0,2
DoUppVidigal,2014,4,88,0,0,0,0,0,1,4
DoUppVidigal,2014,5,89,0,0,0,0,0,1,2
DoUppVidigal,2014,6,90,1,0,0,0,0,0,7
DoUppVidigal,2014,7,91,0,0,0,0,0,0,1
DoUppVidigal,2014,8,92,0,0,0,0,0,0,8
DoUppVidigal,2014,9,93,0,0,0,0,0,0,2
DoUppVidigal,2014,10,94,0,0,0,0,0,1,5
DoUppVidigal,2014,11,95,1,0,0,0,0,2,1
DoUppVidigal,2014,12,96,0,0,0,0,0,0,3
DoUppVidigal,2015,1,97,1,0,0,0,0,2,10
DoUppVidigal,2015,2,98,0,0,0,0,0,0,3
DoUppVidigal,2015,3,99,0,0,0,0,0,0,5
DoUppVidigal,2015,4,100,0,0,0,0,0,1,2
DoUppVidigal,2015,5,101,0,0,0,0,0,0,1
DoUppVidigal,2015,6,102,0,0,0,0,0,0,3
DoUppVidigal,2015,7,103,0,0,0,0,0,0,4
DoUppVidigal,2015,8,104,0,0,0,0,0,0,6
DoUppVidigal,2015,9,105,0,0,0,0,0,0,6
DoUppVidigal,2015,10,106,0,0,0,0,0,0,5
DoUppVidigal,2015,11,107,0,0,0,0,0,1,1
DoUppVidigal,2015,12,108,0,0,0,0,0,0,2
DoUppVidigal,2016,1,109,0,0,0,0,0,0,3
DoUppVidigal,2016,2,110,0,0,0,0,0,0,0
DoUppVidigal,2016,3,111,0,0,0,0,0,1,2
DoUppVidigal,2016,4,112,0,0,0,0,0,1,2
DoUppVidigal,2016,5,113,0,0,0,0,0,0,5
DoUppVidigal,2016,6,114,0,0,0,0,0,0,5
DoUppFazendinha,2007,1,1,2,0,0,0,0,2,3
DoUppFazendinha,2007,2,2,0,0,0,0,0,2,1
DoUppFazendinha,2007,3,3,0,0,0,0,0,0,0
DoUppFazendinha,2007,4,4,0,0,0,0,0,0,2
DoUppFazendinha,2007,5,5,0,0,0,0,0,0,0
DoUppFazendinha,2007,6,6,0,0,0,0,0,2,0
DoUppFazendinha,2007,7,7,1,0,0,0,0,0,0
DoUppFazendinha,2007,8,8,0,0,0,0,0,2,0
DoUppFazendinha,2007,9,9,1,0,0,0,0,0,1
DoUppFazendinha,2007,10,10,0,0,0,0,0,1,0
DoUppFazendinha,2007,11,11,0,0,0,0,0,1,0
DoUppFazendinha,2007,12,12,0,0,0,0,0,0,1
DoUppFazendinha,2008,1,13,0,0,0,0,0,1,1
DoUppFazendinha,2008,2,14,0,0,0,0,0,1,0
DoUppFazendinha,2008,3,15,0,0,0,0,0,1,2
DoUppFazendinha,2008,4,16,0,0,0,0,0,0,0
DoUppFazendinha,2008,5,17,0,0,0,0,0,1,2
DoUppFazendinha,2008,6,18,1,0,0,0,0,0,1
DoUppFazendinha,2008,7,19,1,0,0,0,0,2,1
DoUppFazendinha,2008,8,20,0,0,0,0,0,2,3
DoUppFazendinha,2008,9,21,0,0,0,0,0,3,2
DoUppFazendinha,2008,10,22,0,0,0,0,0,0,1
DoUppFazendinha,2008,11,23,1,0,0,0,0,2,2
DoUppFazendinha,2008,12,24,0,0,0,0,0,1,3
DoUppFazendinha,2009,1,25,0,0,0,0,0,3,3
DoUppFazendinha,2009,2,26,1,0,0,0,0,2,3
DoUppFazendinha,2009,3,27,0,0,0,0,0,1,1
DoUppFazendinha,2009,4,28,0,0,0,0,0,0,2
DoUppFazendinha,2009,5,29,0,0,0,0,0,1,2
DoUppFazendinha,2009,6,30,0,0,0,0,0,0,2
DoUppFazendinha,2009,7,31,0,0,0,0,0,3,1
DoUppFazendinha,2009,8,32,0,0,1,0,0,5,0
DoUppFazendinha,2009,9,33,0,0,0,0,0,1,2
DoUppFazendinha,2009,10,34,0,0,0,0,0,1,3
DoUppFazendinha,2009,11,35,0,0,0,0,0,2,3
DoUppFazendinha,2009,12,36,0,0,0,0,0,0,1
DoUppFazendinha,2010,1,37,0,0,0,0,0,3,5
DoUppFazendinha,2010,2,38,0,0,0,0,0,3,2
DoUppFazendinha,2010,3,39,0,0,0,0,0,1,2
DoUppFazendinha,2010,4,40,0,0,0,0,0,4,5
DoUppFazendinha,2010,5,41,0,0,0,0,0,0,3
DoUppFazendinha,2010,6,42,0,0,0,0,0,0,2
DoUppFazendinha,2010,7,43,0,0,0,0,0,1,1
DoUppFazendinha,2010,8,44,1,0,0,0,0,3,1
DoUppFazendinha,2010,9,45,0,0,0,0,0,3,3
DoUppFazendinha,2010,10,46,0,0,0,0,0,0,1
DoUppFazendinha,2010,11,47,0,0,0,0,0,1,1
DoUppFazendinha,2010,12,48,0,0,0,0,0,0,4
DoUppFazendinha,2011,1,49,0,0,0,0,0,0,4
DoUppFazendinha,2011,2,50,0,0,0,0,0,0,5
DoUppFazendinha,2011,3,51,0,0,0,0,0,0,3
DoUppFazendinha,2011,4,52,0,0,0,0,0,0,2
DoUppFazendinha,2011,5,53,0,0,0,0,0,1,3
DoUppFazendinha,2011,6,54,0,0,0,0,0,1,4
DoUppFazendinha,2011,7,55,0,0,0,0,0,2,4
DoUppFazendinha,2011,8,56,0,0,0,0,0,0,2
DoUppFazendinha,2011,9,57,0,0,0,0,0,0,2
DoUppFazendinha,2011,10,58,0,0,0,0,0,0,2
DoUppFazendinha,2011,11,59,0,0,0,0,0,0,5
DoUppFazendinha,2011,12,60,0,0,0,0,0,0,4
DoUppFazendinha,2012,1,61,0,0,0,0,0,1,0
DoUppFazendinha,2012,2,62,0,0,0,0,0,0,0
DoUppFazendinha,2012,3,63,0,0,0,0,0,2,3
DoUppFazendinha,2012,4,64,0,0,0,0,0,0,5
DoUppFazendinha,2012,5,65,0,0,0,0,0,0,1
DoUppFazendinha,2012,6,66,0,0,0,0,0,0,1
DoUppFazendinha,2012,7,67,0,0,0,0,0,1,0
DoUppFazendinha,2012,8,68,0,0,0,0,0,2,4
DoUppFazendinha,2012,9,69,0,0,0,0,0,0,4
DoUppFazendinha,2012,10,70,0,0,0,0,0,1,6
DoUppFazendinha,2012,11,71,0,0,0,0,0,0,1
DoUppFazendinha,2012,12,72,0,0,0,0,0,1,2
DoUppFazendinha,2013,1,73,0,0,0,0,0,1,1
DoUppFazendinha,2013,2,74,0,0,0,0,0,0,3
DoUppFazendinha,2013,3,75,0,0,0,0,0,0,3
DoUppFazendinha,2013,4,76,0,0,0,0,0,0,3
DoUppFazendinha,2013,5,77,0,0,0,0,0,1,6
DoUppFazendinha,2013,6,78,0,0,0,0,0,1,4
DoUppFazendinha,2013,7,79,0,0,0,0,0,1,1
DoUppFazendinha,2013,8,80,0,0,0,0,0,2,3
DoUppFazendinha,2013,9,81,0,0,0,0,0,2,3
DoUppFazendinha,2013,10,82,0,0,0,0,0,0,2
DoUppFazendinha,2013,11,83,0,0,0,0,0,3,2
DoUppFazendinha,2013,12,84,0,0,0,0,0,1,0
DoUppFazendinha,2014,1,85,0,0,0,0,0,0,5
DoUppFazendinha,2014,2,86,0,0,0,0,0,3,2
DoUppFazendinha,2014,3,87,0,0,0,0,0,2,0
DoUppFazendinha,2014,4,88,0,0,0,0,0,2,1
DoUppFazendinha,2014,5,89,0,0,0,0,0,2,3
DoUppFazendinha,2014,6,90,2,0,0,1,0,0,1
DoUppFazendinha,2014,7,91,0,0,0,0,0,1,2
DoUppFazendinha,2014,8,92,0,0,0,0,0,1,2
DoUppFazendinha,2014,9,93,0,0,0,0,0,1,2
DoUppFazendinha,2014,10,94,0,0,0,0,0,3,3
DoUppFazendinha,2014,11,95,0,0,0,0,0,1,1
DoUppFazendinha,2014,12,96,0,0,0,0,0,1,1
DoUppFazendinha,2015,1,97,0,0,0,0,0,1,4
DoUppFazendinha,2015,2,98,0,0,0,0,0,3,3
DoUppFazendinha,2015,3,99,0,0,0,1,0,1,4
DoUppFazendinha,2015,4,100,0,0,0,0,0,0,1
DoUppFazendinha,2015,5,101,0,0,0,0,0,2,3
DoUppFazendinha,2015,6,102,0,0,0,0,0,1,4
DoUppFazendinha,2015,7,103,0,0,0,0,0,9,0
DoUppFazendinha,2015,8,104,1,0,0,0,0,5,2
DoUppFazendinha,2015,9,105,1,0,0,1,0,5,0
DoUppFazendinha,2015,10,106,0,0,0,0,0,2,7
DoUppFazendinha,2015,11,107,0,0,0,0,0,5,3
DoUppFazendinha,2015,12,108,0,0,0,0,0,3,2
DoUppFazendinha,2016,1,109,0,0,0,0,0,11,2
DoUppFazendinha,2016,2,110,0,0,0,0,0,3,2
DoUppFazendinha,2016,3,111,0,0,0,0,0,1,1
DoUppFazendinha,2016,4,112,1,0,0,0,0,2,8
DoUppFazendinha,2016,5,113,0,0,0,0,0,12,0
DoUppFazendinha,2016,6,114,0,0,0,0,0,6,2
DoUppNovaBrasilia,2007,1,1,0,0,0,0,0,0,2
DoUppNovaBrasilia,2007,2,2,0,0,0,0,0,0,0
DoUppNovaBrasilia,2007,3,3,0,0,0,0,0,1,0
DoUppNovaBrasilia,2007,4,4,0,0,0,0,0,0,0
DoUppNovaBrasilia,2007,5,5,0,0,0,0,0,4,0
DoUppNovaBrasilia,2007,6,6,0,0,0,0,0,0,0
DoUppNovaBrasilia,2007,7,7,0,0,0,0,0,0,0
DoUppNovaBrasilia,2007,8,8,0,0,0,0,0,0,0
DoUppNovaBrasilia,2007,9,9,0,0,0,0,0,0,0
DoUppNovaBrasilia,2007,10,10,0,0,0,0,0,0,0
DoUppNovaBrasilia,2007,11,11,1,0,0,0,0,0,2
DoUppNovaBrasilia,2007,12,12,0,0,0,0,0,0,0
DoUppNovaBrasilia,2008,1,13,0,0,0,0,0,0,0
DoUppNovaBrasilia,2008,2,14,0,0,0,0,0,1,0
DoUppNovaBrasilia,2008,3,15,0,0,0,0,0,0,0
DoUppNovaBrasilia,2008,4,16,0,0,0,0,0,1,1
DoUppNovaBrasilia,2008,5,17,0,0,0,0,0,0,1
DoUppNovaBrasilia,2008,6,18,0,0,0,0,0,1,1
DoUppNovaBrasilia,2008,7,19,0,0,0,0,0,0,1
DoUppNovaBrasilia,2008,8,20,0,0,0,0,0,0,0
DoUppNovaBrasilia,2008,9,21,0,0,0,0,0,0,3
DoUppNovaBrasilia,2008,10,22,0,0,0,0,0,0,0
DoUppNovaBrasilia,2008,11,23,0,0,0,0,0,0,1
DoUppNovaBrasilia,2008,12,24,0,0,0,0,0,1,0
DoUppNovaBrasilia,2009,1,25,0,0,0,0,0,0,0
DoUppNovaBrasilia,2009,2,26,0,0,0,0,0,0,1
DoUppNovaBrasilia,2009,3,27,0,0,0,0,0,0,1
DoUppNovaBrasilia,2009,4,28,0,0,0,0,0,0,1
DoUppNovaBrasilia,2009,5,29,0,0,0,0,0,0,1
DoUppNovaBrasilia,2009,6,30,0,0,0,0,0,0,2
DoUppNovaBrasilia,2009,7,31,0,0,0,0,0,1,0
DoUppNovaBrasilia,2009,8,32,0,0,0,0,0,0,0
DoUppNovaBrasilia,2009,9,33,0,0,0,0,0,0,1
DoUppNovaBrasilia,2009,10,34,0,0,0,0,0,0,0
DoUppNovaBrasilia,2009,11,35,0,0,0,0,0,0,3
DoUppNovaBrasilia,2009,12,36,0,0,0,0,0,0,3
DoUppNovaBrasilia,2010,1,37,0,0,0,0,0,0,2
DoUppNovaBrasilia,2010,2,38,0,0,0,0,0,0,2
DoUppNovaBrasilia,2010,3,39,0,0,0,0,0,1,1
DoUppNovaBrasilia,2010,4,40,0,0,0,0,0,1,0
DoUppNovaBrasilia,2010,5,41,0,0,0,0,0,0,1
DoUppNovaBrasilia,2010,6,42,0,0,0,0,0,0,1
DoUppNovaBrasilia,2010,7,43,0,0,0,0,0,1,1
DoUppNovaBrasilia,2010,8,44,0,0,0,0,0,0,1
DoUppNovaBrasilia,2010,9,45,0,0,0,0,0,0,0
DoUppNovaBrasilia,2010,10,46,0,0,0,0,0,0,1
DoUppNovaBrasilia,2010,11,47,0,0,0,0,0,0,0
DoUppNovaBrasilia,2010,12,48,0,0,0,0,0,0,1
DoUppNovaBrasilia,2011,1,49,0,0,0,0,0,0,1
DoUppNovaBrasilia,2011,2,50,0,0,0,0,0,0,3
DoUppNovaBrasilia,2011,3,51,0,0,0,0,0,0,0
DoUppNovaBrasilia,2011,4,52,0,0,0,0,0,0,0
DoUppNovaBrasilia,2011,5,53,0,0,0,0,0,0,2
DoUppNovaBrasilia,2011,6,54,0,0,0,0,0,0,0
DoUppNovaBrasilia,2011,7,55,0,0,0,0,0,0,3
DoUppNovaBrasilia,2011,8,56,0,0,0,0,0,0,1
DoUppNovaBrasilia,2011,9,57,0,0,0,0,0,0,4
DoUppNovaBrasilia,2011,10,58,0,0,0,0,0,0,1
DoUppNovaBrasilia,2011,11,59,0,0,0,0,0,0,2
DoUppNovaBrasilia,2011,12,60,0,0,0,0,0,0,6
DoUppNovaBrasilia,2012,1,61,0,0,0,0,0,0,3
DoUppNovaBrasilia,2012,2,62,0,0,0,0,0,0,3
DoUppNovaBrasilia,2012,3,63,0,0,0,0,0,1,1
DoUppNovaBrasilia,2012,4,64,0,0,0,0,0,1,1
DoUppNovaBrasilia,2012,5,65,0,0,0,0,0,1,3
DoUppNovaBrasilia,2012,6,66,0,0,0,0,0,1,0
DoUppNovaBrasilia,2012,7,67,1,0,0,1,0,0,3
DoUppNovaBrasilia,2012,8,68,0,0,0,0,0,0,2
DoUppNovaBrasilia,2012,9,69,0,0,0,0,0,0,1
DoUppNovaBrasilia,2012,10,70,0,0,0,0,0,0,0
DoUppNovaBrasilia,2012,11,71,0,0,0,0,0,0,3
DoUppNovaBrasilia,2012,12,72,0,0,0,0,0,0,0
DoUppNovaBrasilia,2013,1,73,0,0,0,0,0,1,3
DoUppNovaBrasilia,2013,2,74,0,0,0,0,0,1,3
DoUppNovaBrasilia,2013,3,75,0,0,0,0,0,4,4
DoUppNovaBrasilia,2013,4,76,0,0,0,0,0,7,1
DoUppNovaBrasilia,2013,5,77,0,0,0,0,0,3,1
DoUppNovaBrasilia,2013,6,78,0,0,0,0,0,6,2
DoUppNovaBrasilia,2013,7,79,0,0,0,0,0,0,2
DoUppNovaBrasilia,2013,8,80,0,0,0,0,0,0,2
DoUppNovaBrasilia,2013,9,81,0,0,0,0,0,1,1
DoUppNovaBrasilia,2013,10,82,0,1,0,0,0,0,2
DoUppNovaBrasilia,2013,11,83,0,0,0,0,0,1,2
DoUppNovaBrasilia,2013,12,84,0,0,0,0,0,0,4
DoUppNovaBrasilia,2014,1,85,0,0,0,0,0,0,1
DoUppNovaBrasilia,2014,2,86,0,0,0,0,0,1,0
DoUppNovaBrasilia,2014,3,87,1,0,0,1,0,0,0
DoUppNovaBrasilia,2014,4,88,0,0,0,0,0,0,3
DoUppNovaBrasilia,2014,5,89,0,0,0,0,0,4,1
DoUppNovaBrasilia,2014,6,90,0,0,0,0,0,1,3
DoUppNovaBrasilia,2014,7,91,0,0,0,0,0,0,2
DoUppNovaBrasilia,2014,8,92,0,0,0,0,0,0,3
DoUppNovaBrasilia,2014,9,93,0,0,0,1,0,1,3
DoUppNovaBrasilia,2014,10,94,0,0,0,0,0,1,2
DoUppNovaBrasilia,2014,11,95,0,0,0,0,0,1,3
DoUppNovaBrasilia,2014,12,96,0,0,0,0,0,0,1
DoUppNovaBrasilia,2015,1,97,0,0,0,0,0,1,3
DoUppNovaBrasilia,2015,2,98,0,0,0,0,0,1,4
DoUppNovaBrasilia,2015,3,99,0,0,0,0,0,0,2
DoUppNovaBrasilia,2015,4,100,0,0,0,0,0,1,2
DoUppNovaBrasilia,2015,5,101,0,0,0,0,0,1,1
DoUppNovaBrasilia,2015,6,102,0,0,0,0,0,1,0
DoUppNovaBrasilia,2015,7,103,0,0,0,0,0,2,0
DoUppNovaBrasilia,2015,8,104,0,0,0,0,0,0,2
DoUppNovaBrasilia,2015,9,105,0,0,0,0,0,2,3
DoUppNovaBrasilia,2015,10,106,1,0,0,0,0,3,6
DoUppNovaBrasilia,2015,11,107,0,0,0,0,0,0,0
DoUppNovaBrasilia,2015,12,108,0,0,0,0,0,0,2
DoUppNovaBrasilia,2016,1,109,0,0,0,0,0,2,1
DoUppNovaBrasilia,2016,2,110,0,0,0,0,0,0,0
DoUppNovaBrasilia,2016,3,111,0,0,0,0,0,0,2
DoUppNovaBrasilia,2016,4,112,0,0,0,0,0,0,2
DoUppNovaBrasilia,2016,5,113,0,0,0,0,0,1,2
DoUppNovaBrasilia,2016,6,114,0,0,0,0,0,0,0
DoUppAdeusBaiana,2007,1,1,0,0,0,0,0,3,4
DoUppAdeusBaiana,2007,2,2,0,0,0,0,0,4,3
DoUppAdeusBaiana,2007,3,3,0,0,0,0,0,5,2
DoUppAdeusBaiana,2007,4,4,0,0,0,0,0,4,0
DoUppAdeusBaiana,2007,5,5,1,0,0,0,0,2,2
DoUppAdeusBaiana,2007,6,6,2,0,0,0,0,5,2
DoUppAdeusBaiana,2007,7,7,0,0,0,0,0,0,2
DoUppAdeusBaiana,2007,8,8,0,0,0,0,0,3,0
DoUppAdeusBaiana,2007,9,9,0,0,0,0,0,3,0
DoUppAdeusBaiana,2007,10,10,0,0,0,0,0,5,3
DoUppAdeusBaiana,2007,11,11,1,0,0,0,0,3,1
DoUppAdeusBaiana,2007,12,12,0,0,0,0,0,0,1
DoUppAdeusBaiana,2008,1,13,0,0,0,0,0,2,4
DoUppAdeusBaiana,2008,2,14,1,0,0,0,0,0,2
DoUppAdeusBaiana,2008,3,15,0,0,0,0,0,5,5
DoUppAdeusBaiana,2008,4,16,0,0,0,0,0,1,1
DoUppAdeusBaiana,2008,5,17,0,0,0,0,0,0,1
DoUppAdeusBaiana,2008,6,18,0,0,0,0,0,3,1
DoUppAdeusBaiana,2008,7,19,0,0,0,0,0,0,4
DoUppAdeusBaiana,2008,8,20,0,0,0,0,0,0,1
DoUppAdeusBaiana,2008,9,21,0,0,0,0,0,1,3
DoUppAdeusBaiana,2008,10,22,0,0,0,0,0,1,1
DoUppAdeusBaiana,2008,11,23,0,0,0,0,0,1,3
DoUppAdeusBaiana,2008,12,24,0,0,0,0,0,1,2
DoUppAdeusBaiana,2009,1,25,0,0,0,0,0,1,1
DoUppAdeusBaiana,2009,2,26,0,0,0,0,0,5,0
DoUppAdeusBaiana,2009,3,27,0,0,0,0,0,1,3
DoUppAdeusBaiana,2009,4,28,0,0,0,0,0,1,3
DoUppAdeusBaiana,2009,5,29,0,0,0,0,0,1,3
DoUppAdeusBaiana,2009,6,30,0,0,0,0,0,1,1
DoUppAdeusBaiana,2009,7,31,0,0,0,0,0,1,2
DoUppAdeusBaiana,2009,8,32,0,0,0,0,0,2,1
DoUppAdeusBaiana,2009,9,33,0,0,0,0,0,1,1
DoUppAdeusBaiana,2009,10,34,0,0,0,0,0,0,5
DoUppAdeusBaiana,2009,11,35,0,0,0,0,0,0,7
DoUppAdeusBaiana,2009,12,36,0,0,0,0,0,1,4
DoUppAdeusBaiana,2010,1,37,0,0,0,0,0,2,0
DoUppAdeusBaiana,2010,2,38,0,0,0,0,0,3,1
DoUppAdeusBaiana,2010,3,39,0,0,0,0,0,1,4
DoUppAdeusBaiana,2010,4,40,0,0,0,0,0,3,2
DoUppAdeusBaiana,2010,5,41,0,0,0,0,0,5,2
DoUppAdeusBaiana,2010,6,42,0,0,0,0,0,1,1
DoUppAdeusBaiana,2010,7,43,0,0,0,0,0,0,1
DoUppAdeusBaiana,2010,8,44,0,0,0,0,0,2,5
DoUppAdeusBaiana,2010,9,45,0,0,0,0,0,0,0
DoUppAdeusBaiana,2010,10,46,0,0,0,0,0,1,5
DoUppAdeusBaiana,2010,11,47,0,0,0,0,0,2,1
DoUppAdeusBaiana,2010,12,48,0,0,0,0,0,0,1
DoUppAdeusBaiana,2011,1,49,0,0,0,0,0,2,1
DoUppAdeusBaiana,2011,2,50,0,0,0,0,0,2,1
DoUppAdeusBaiana,2011,3,51,0,0,0,0,0,2,6
DoUppAdeusBaiana,2011,4,52,0,0,0,0,0,0,3
DoUppAdeusBaiana,2011,5,53,0,0,0,0,0,1,1
DoUppAdeusBaiana,2011,6,54,0,0,0,0,0,1,0
DoUppAdeusBaiana,2011,7,55,0,0,0,0,0,3,2
DoUppAdeusBaiana,2011,8,56,1,0,0,0,0,0,2
DoUppAdeusBaiana,2011,9,57,0,0,0,0,0,1,1
DoUppAdeusBaiana,2011,10,58,0,0,0,0,0,0,4
DoUppAdeusBaiana,2011,11,59,0,0,0,0,0,1,6
DoUppAdeusBaiana,2011,12,60,0,0,0,0,0,3,2
DoUppAdeusBaiana,2012,1,61,0,0,0,0,0,2,4
DoUppAdeusBaiana,2012,2,62,0,0,0,0,0,0,0
DoUppAdeusBaiana,2012,3,63,0,0,0,0,0,1,4
DoUppAdeusBaiana,2012,4,64,0,0,0,0,0,2,7
DoUppAdeusBaiana,2012,5,65,2,0,0,0,0,1,5
DoUppAdeusBaiana,2012,6,66,0,0,0,0,0,0,6
DoUppAdeusBaiana,2012,7,67,0,0,0,0,0,2,3
DoUppAdeusBaiana,2012,8,68,1,0,0,0,0,0,3
DoUppAdeusBaiana,2012,9,69,0,0,0,0,0,0,7
DoUppAdeusBaiana,2012,10,70,0,0,0,0,0,0,7
DoUppAdeusBaiana,2012,11,71,0,0,0,0,0,1,2
DoUppAdeusBaiana,2012,12,72,0,0,0,0,0,2,6
DoUppAdeusBaiana,2013,1,73,0,0,0,0,0,1,3
DoUppAdeusBaiana,2013,2,74,0,0,0,0,0,0,3
DoUppAdeusBaiana,2013,3,75,0,0,0,0,0,3,5
DoUppAdeusBaiana,2013,4,76,0,0,0,0,0,0,3
DoUppAdeusBaiana,2013,5,77,0,0,0,0,0,0,5
DoUppAdeusBaiana,2013,6,78,0,0,0,0,0,2,3
DoUppAdeusBaiana,2013,7,79,0,0,0,0,0,0,7
DoUppAdeusBaiana,2013,8,80,0,0,0,0,0,0,3
DoUppAdeusBaiana,2013,9,81,0,0,0,0,0,0,7
DoUppAdeusBaiana,2013,10,82,0,0,0,0,0,2,0
DoUppAdeusBaiana,2013,11,83,0,0,0,0,0,2,1
DoUppAdeusBaiana,2013,12,84,0,0,0,0,0,2,2
DoUppAdeusBaiana,2014,1,85,0,0,0,0,0,3,3
DoUppAdeusBaiana,2014,2,86,0,0,0,0,0,3,3
DoUppAdeusBaiana,2014,3,87,0,0,0,0,0,3,3
DoUppAdeusBaiana,2014,4,88,1,0,0,0,0,0,4
DoUppAdeusBaiana,2014,5,89,0,0,0,0,0,2,5
DoUppAdeusBaiana,2014,6,90,0,0,0,0,0,3,3
DoUppAdeusBaiana,2014,7,91,0,0,0,0,0,0,1
DoUppAdeusBaiana,2014,8,92,0,0,0,0,0,3,6
DoUppAdeusBaiana,2014,9,93,0,0,0,0,0,2,3
DoUppAdeusBaiana,2014,10,94,0,0,0,0,0,3,3
DoUppAdeusBaiana,2014,11,95,0,0,0,0,0,3,2
DoUppAdeusBaiana,2014,12,96,0,0,0,0,0,6,0
DoUppAdeusBaiana,2015,1,97,0,0,0,0,0,2,5
DoUppAdeusBaiana,2015,2,98,0,0,0,0,0,1,4
DoUppAdeusBaiana,2015,3,99,0,0,0,0,0,2,2
DoUppAdeusBaiana,2015,4,100,0,0,0,0,0,3,3
DoUppAdeusBaiana,2015,5,101,0,0,0,0,0,2,4
DoUppAdeusBaiana,2015,6,102,0,0,0,0,0,0,1
DoUppAdeusBaiana,2015,7,103,0,0,0,0,0,5,2
DoUppAdeusBaiana,2015,8,104,0,0,0,0,0,2,2
DoUppAdeusBaiana,2015,9,105,0,0,0,0,0,3,4
DoUppAdeusBaiana,2015,10,106,0,0,0,0,0,2,3
DoUppAdeusBaiana,2015,11,107,0,0,0,0,0,3,4
DoUppAdeusBaiana,2015,12,108,0,0,0,0,0,2,3
DoUppAdeusBaiana,2016,1,109,0,0,0,0,0,4,3
DoUppAdeusBaiana,2016,2,110,0,0,0,0,0,1,3
DoUppAdeusBaiana,2016,3,111,0,0,0,0,0,1,1
DoUppAdeusBaiana,2016,4,112,0,0,0,0,0,5,1
DoUppAdeusBaiana,2016,5,113,0,0,0,0,0,2,3
DoUppAdeusBaiana,2016,6,114,0,0,0,0,0,4,4
DoUppAlemao,2007,1,1,0,0,0,0,0,1,0
DoUppAlemao,2007,2,2,0,0,0,0,0,0,0
DoUppAlemao,2007,3,3,0,0,0,0,0,0,1
DoUppAlemao,2007,4,4,0,0,0,0,0,0,0
DoUppAlemao,2007,5,5,0,0,0,0,0,0,0
DoUppAlemao,2007,6,6,0,0,0,0,0,1,0
DoUppAlemao,2007,7,7,0,0,0,0,0,0,0
DoUppAlemao,2007,8,8,0,0,0,0,0,0,0
DoUppAlemao,2007,9,9,1,0,0,0,0,0,0
DoUppAlemao,2007,10,10,0,0,0,0,0,0,0
DoUppAlemao,2007,11,11,0,0,0,0,0,1,0
DoUppAlemao,2007,12,12,0,0,0,0,0,2,0
DoUppAlemao,2008,1,13,0,0,0,0,0,0,0
DoUppAlemao,2008,2,14,0,0,0,0,0,0,0
DoUppAlemao,2008,3,15,0,0,0,0,0,0,0
DoUppAlemao,2008,4,16,0,0,0,0,0,0,0
DoUppAlemao,2008,5,17,0,0,0,0,0,0,1
DoUppAlemao,2008,6,18,0,0,0,0,0,0,0
DoUppAlemao,2008,7,19,0,0,0,0,0,0,0
DoUppAlemao,2008,8,20,0,0,0,0,0,0,1
DoUppAlemao,2008,9,21,1,0,0,0,0,0,1
DoUppAlemao,2008,10,22,0,0,0,0,0,1,0
DoUppAlemao,2008,11,23,1,0,0,0,0,0,1
DoUppAlemao,2008,12,24,0,0,0,0,1,0,0
DoUppAlemao,2009,1,25,0,0,0,0,0,0,0
DoUppAlemao,2009,2,26,0,0,0,0,0,0,0
DoUppAlemao,2009,3,27,0,0,0,0,0,0,1
DoUppAlemao,2009,4,28,0,0,0,0,0,0,0
DoUppAlemao,2009,5,29,0,0,0,0,0,0,0
DoUppAlemao,2009,6,30,0,0,0,0,0,0,2
DoUppAlemao,2009,7,31,0,0,0,0,0,0,0
DoUppAlemao,2009,8,32,0,0,0,0,0,0,0
DoUppAlemao,2009,9,33,0,0,0,0,0,0,0
DoUppAlemao,2009,10,34,0,0,0,0,0,0,0
DoUppAlemao,2009,11,35,0,0,0,0,0,0,1
DoUppAlemao,2009,12,36,0,0,0,0,0,0,0
DoUppAlemao,2010,1,37,0,0,0,0,0,0,0
DoUppAlemao,2010,2,38,0,0,0,0,0,0,0
DoUppAlemao,2010,3,39,0,0,0,0,0,0,0
DoUppAlemao,2010,4,40,0,0,0,0,0,0,0
DoUppAlemao,2010,5,41,0,0,0,0,0,0,0
DoUppAlemao,2010,6,42,0,0,0,0,0,0,0
DoUppAlemao,2010,7,43,0,0,0,0,0,0,1
DoUppAlemao,2010,8,44,0,0,0,0,0,0,0
DoUppAlemao,2010,9,45,0,0,0,0,0,0,1
DoUppAlemao,2010,10,46,0,0,0,0,0,0,0
DoUppAlemao,2010,11,47,0,0,0,0,0,0,1
DoUppAlemao,2010,12,48,0,0,0,0,0,0,3
DoUppAlemao,2011,1,49,0,0,0,0,0,0,2
DoUppAlemao,2011,2,50,0,0,0,0,0,0,2
DoUppAlemao,2011,3,51,0,0,0,0,0,1,2
DoUppAlemao,2011,4,52,0,0,0,0,0,0,1
DoUppAlemao,2011,5,53,0,0,0,0,0,0,0
DoUppAlemao,2011,6,54,0,0,0,0,0,0,2
DoUppAlemao,2011,7,55,0,0,0,0,0,0,1
DoUppAlemao,2011,8,56,0,0,0,0,0,0,1
DoUppAlemao,2011,9,57,0,0,0,0,0,0,3
DoUppAlemao,2011,10,58,0,0,0,0,0,0,1
DoUppAlemao,2011,11,59,0,0,0,0,0,0,3
DoUppAlemao,2011,12,60,0,0,0,0,0,0,0
DoUppAlemao,2012,1,61,1,0,0,0,0,1,2
DoUppAlemao,2012,2,62,0,0,0,0,0,0,3
DoUppAlemao,2012,3,63,0,0,0,0,0,0,1
DoUppAlemao,2012,4,64,0,0,0,0,0,1,0
DoUppAlemao,2012,5,65,0,0,0,0,0,1,3
DoUppAlemao,2012,6,66,0,0,0,0,0,0,0
DoUppAlemao,2012,7,67,0,0,0,0,0,0,0
DoUppAlemao,2012,8,68,0,0,0,0,0,0,1
DoUppAlemao,2012,9,69,0,0,0,0,0,0,0
DoUppAlemao,2012,10,70,0,0,0,0,0,0,2
DoUppAlemao,2012,11,71,0,0,0,0,0,0,1
DoUppAlemao,2012,12,72,2,0,0,1,0,0,1
DoUppAlemao,2013,1,73,0,0,0,0,0,0,1
DoUppAlemao,2013,2,74,0,0,0,0,0,0,1
DoUppAlemao,2013,3,75,0,0,0,0,0,0,1
DoUppAlemao,2013,4,76,0,0,0,0,0,0,0
DoUppAlemao,2013,5,77,1,0,0,0,0,0,0
DoUppAlemao,2013,6,78,0,0,0,0,0,1,1
DoUppAlemao,2013,7,79,0,0,0,0,0,0,0
DoUppAlemao,2013,8,80,0,0,0,0,0,0,1
DoUppAlemao,2013,9,81,0,0,0,0,0,1,0
DoUppAlemao,2013,10,82,0,0,0,0,0,0,1
DoUppAlemao,2013,11,83,0,0,0,0,0,0,0
DoUppAlemao,2013,12,84,0,0,0,0,0,1,1
DoUppAlemao,2014,1,85,0,0,0,0,0,0,3
DoUppAlemao,2014,2,86,0,0,0,0,0,1,2
DoUppAlemao,2014,3,87,1,0,0,0,0,0,2
DoUppAlemao,2014,4,88,0,0,0,0,0,0,1
DoUppAlemao,2014,5,89,0,0,0,0,0,0,2
DoUppAlemao,2014,6,90,0,0,0,0,0,3,3
DoUppAlemao,2014,7,91,0,0,0,0,0,1,5
DoUppAlemao,2014,8,92,0,0,0,0,0,0,1
DoUppAlemao,2014,9,93,0,0,0,0,0,0,2
DoUppAlemao,2014,10,94,1,0,0,3,0,0,2
DoUppAlemao,2014,11,95,0,0,0,0,0,0,2
DoUppAlemao,2014,12,96,0,0,0,0,0,1,1
DoUppAlemao,2015,1,97,0,0,0,0,0,0,1
DoUppAlemao,2015,2,98,0,0,0,0,0,1,1
DoUppAlemao,2015,3,99,2,0,0,0,0,1,3
DoUppAlemao,2015,4,100,1,0,0,0,0,1,1
DoUppAlemao,2015,5,101,1,0,0,1,0,0,3
DoUppAlemao,2015,6,102,1,0,0,0,0,0,3
DoUppAlemao,2015,7,103,0,0,0,0,0,1,3
DoUppAlemao,2015,8,104,0,0,0,0,0,0,2
DoUppAlemao,2015,9,105,1,0,0,0,0,0,3
DoUppAlemao,2015,10,106,0,0,0,0,0,0,1
DoUppAlemao,2015,11,107,0,0,0,0,0,0,2
DoUppAlemao,2015,12,108,1,0,0,0,0,0,3
DoUppAlemao,2016,1,109,0,0,0,0,0,10,1
DoUppAlemao,2016,2,110,0,0,0,0,0,0,0
DoUppAlemao,2016,3,111,0,0,0,0,0,0,5
DoUppAlemao,2016,4,112,0,0,0,0,0,0,0
DoUppAlemao,2016,5,113,1,0,0,1,0,0,1
DoUppAlemao,2016,6,114,3,0,0,0,0,0,4
DoUppChatuba,2007,1,1,0,0,0,0,0,0,3
DoUppChatuba,2007,2,2,0,0,0,0,0,2,1
DoUppChatuba,2007,3,3,0,0,0,0,0,4,1
DoUppChatuba,2007,4,4,0,0,0,0,0,6,1
DoUppChatuba,2007,5,5,0,0,0,0,0,2,2
DoUppChatuba,2007,6,6,0,0,0,0,0,2,0
DoUppChatuba,2007,7,7,0,0,0,0,0,1,0
DoUppChatuba,2007,8,8,0,0,0,0,0,1,0
DoUppChatuba,2007,9,9,0,0,0,0,0,1,0
DoUppChatuba,2007,10,10,0,0,0,0,0,3,1
DoUppChatuba,2007,11,11,1,0,0,0,0,2,1
DoUppChatuba,2007,12,12,0,0,0,0,0,3,1
DoUppChatuba,2008,1,13,0,0,0,0,0,2,3
DoUppChatuba,2008,2,14,0,0,0,0,0,0,0
DoUppChatuba,2008,3,15,0,0,0,0,0,0,0
DoUppChatuba,2008,4,16,1,0,0,0,0,1,2
DoUppChatuba,2008,5,17,0,0,0,0,0,1,1
DoUppChatuba,2008,6,18,0,0,0,0,0,0,0
DoUppChatuba,2008,7,19,0,0,0,0,0,2,0
DoUppChatuba,2008,8,20,0,0,0,0,0,2,3
DoUppChatuba,2008,9,21,0,0,0,0,0,2,2
DoUppChatuba,2008,10,22,0,0,0,0,0,2,1
DoUppChatuba,2008,11,23,0,0,0,0,0,0,3
DoUppChatuba,2008,12,24,0,0,0,0,0,1,1
DoUppChatuba,2009,1,25,0,0,0,0,0,4,1
DoUppChatuba,2009,2,26,0,0,0,0,0,3,1
DoUppChatuba,2009,3,27,0,0,0,0,0,2,4
DoUppChatuba,2009,4,28,0,0,0,0,0,1,0
DoUppChatuba,2009,5,29,0,0,0,0,0,0,4
DoUppChatuba,2009,6,30,0,0,0,0,0,1,1
DoUppChatuba,2009,7,31,0,0,0,0,0,2,2
DoUppChatuba,2009,8,32,0,0,0,0,0,0,2
DoUppChatuba,2009,9,33,0,0,0,0,0,2,1
DoUppChatuba,2009,10,34,0,0,0,0,0,0,0
DoUppChatuba,2009,11,35,0,0,0,0,0,1,2
DoUppChatuba,2009,12,36,1,0,0,0,0,1,4
DoUppChatuba,2010,1,37,0,0,0,0,0,1,1
DoUppChatuba,2010,2,38,0,0,0,0,0,0,3
DoUppChatuba,2010,3,39,0,0,0,0,0,4,1
DoUppChatuba,2010,4,40,0,0,0,0,0,5,2
DoUppChatuba,2010,5,41,0,0,0,0,0,2,1
DoUppChatuba,2010,6,42,0,0,0,0,0,1,1
DoUppChatuba,2010,7,43,0,0,0,0,0,0,1
DoUppChatuba,2010,8,44,0,0,0,0,0,2,2
DoUppChatuba,2010,9,45,0,0,0,0,0,2,4
DoUppChatuba,2010,10,46,0,0,0,0,0,2,1
DoUppChatuba,2010,11,47,1,0,0,0,0,3,6
DoUppChatuba,2010,12,48,0,0,0,0,0,0,3
DoUppChatuba,2011,1,49,0,0,0,0,0,2,2
DoUppChatuba,2011,2,50,0,0,0,0,0,1,3
DoUppChatuba,2011,3,51,0,0,0,0,0,2,2
DoUppChatuba,2011,4,52,0,0,0,0,0,0,2
DoUppChatuba,2011,5,53,0,0,0,0,0,0,4
DoUppChatuba,2011,6,54,0,0,0,0,0,0,1
DoUppChatuba,2011,7,55,0,0,0,0,0,2,2
DoUppChatuba,2011,8,56,0,0,0,0,0,2,2
DoUppChatuba,2011,9,57,0,0,0,0,0,0,2
DoUppChatuba,2011,10,58,0,0,0,0,0,0,3
DoUppChatuba,2011,11,59,0,0,0,0,0,0,1
DoUppChatuba,2011,12,60,0,0,0,0,0,1,1
DoUppChatuba,2012,1,61,0,0,0,0,0,0,4
DoUppChatuba,2012,2,62,0,0,0,0,0,0,3
DoUppChatuba,2012,3,63,0,0,0,0,0,1,1
DoUppChatuba,2012,4,64,1,0,0,0,0,1,2
DoUppChatuba,2012,5,65,0,0,0,0,0,1,2
DoUppChatuba,2012,6,66,0,0,0,0,0,0,1
DoUppChatuba,2012,7,67,0,0,0,0,0,1,1
DoUppChatuba,2012,8,68,0,0,0,0,0,0,3
DoUppChatuba,2012,9,69,0,0,0,0,0,0,4
DoUppChatuba,2012,10,70,0,0,0,0,0,1,0
DoUppChatuba,2012,11,71,0,0,0,0,0,0,3
DoUppChatuba,2012,12,72,0,0,0,0,0,2,0
DoUppChatuba,2013,1,73,0,0,0,0,0,0,2
DoUppChatuba,2013,2,74,0,0,0,0,0,0,3
DoUppChatuba,2013,3,75,0,0,0,0,0,0,2
DoUppChatuba,2013,4,76,0,0,0,0,0,0,1
DoUppChatuba,2013,5,77,0,0,0,0,0,0,3
DoUppChatuba,2013,6,78,0,0,0,0,0,0,2
DoUppChatuba,2013,7,79,1,0,0,0,0,0,3
DoUppChatuba,2013,8,80,0,0,0,0,0,1,0
DoUppChatuba,2013,9,81,0,0,0,0,0,2,3
DoUppChatuba,2013,10,82,0,0,0,0,0,1,0
DoUppChatuba,2013,11,83,0,0,0,0,0,1,1
DoUppChatuba,2013,12,84,0,0,0,0,0,2,1
DoUppChatuba,2014,1,85,0,0,0,0,0,1,0
DoUppChatuba,2014,2,86,0,0,0,0,0,0,2
DoUppChatuba,2014,3,87,0,0,0,0,0,1,1
DoUppChatuba,2014,4,88,0,0,0,0,0,0,2
DoUppChatuba,2014,5,89,0,0,0,0,0,1,1
DoUppChatuba,2014,6,90,0,0,0,0,0,1,2
DoUppChatuba,2014,7,91,0,0,0,0,0,2,3
DoUppChatuba,2014,8,92,0,0,0,0,0,1,1
DoUppChatuba,2014,9,93,0,0,0,0,0,2,3
DoUppChatuba,2014,10,94,0,0,0,0,0,0,2
DoUppChatuba,2014,11,95,0,0,0,0,0,1,3
DoUppChatuba,2014,12,96,0,0,0,0,0,2,1
DoUppChatuba,2015,1,97,0,0,0,0,0,1,3
DoUppChatuba,2015,2,98,0,0,0,0,0,0,2
DoUppChatuba,2015,3,99,0,0,0,0,0,3,3
DoUppChatuba,2015,4,100,0,0,0,0,0,1,0
DoUppChatuba,2015,5,101,0,0,0,0,0,0,1
DoUppChatuba,2015,6,102,0,0,0,0,0,0,3
DoUppChatuba,2015,7,103,0,0,0,0,0,0,3
DoUppChatuba,2015,8,104,0,0,0,0,0,3,2
DoUppChatuba,2015,9,105,0,0,0,0,0,3,2
DoUppChatuba,2015,10,106,0,0,0,0,0,0,2
DoUppChatuba,2015,11,107,0,0,0,0,0,2,1
DoUppChatuba,2015,12,108,0,0,0,0,0,0,3
DoUppChatuba,2016,1,109,0,0,0,0,0,1,1
DoUppChatuba,2016,2,110,0,0,0,0,0,1,3
DoUppChatuba,2016,3,111,0,0,0,0,0,0,1
DoUppChatuba,2016,4,112,0,0,0,0,0,0,4
DoUppChatuba,2016,5,113,0,0,0,0,0,3,0
DoUppChatuba,2016,6,114,0,0,0,0,0,0,3
DoUppFeSereno,2007,1,1,0,0,0,0,0,0,0
DoUppFeSereno,2007,2,2,0,0,0,0,0,0,0
DoUppFeSereno,2007,3,3,0,0,0,0,0,2,0
DoUppFeSereno,2007,4,4,0,0,0,0,0,1,0
DoUppFeSereno,2007,5,5,0,0,0,0,0,0,1
DoUppFeSereno,2007,6,6,0,0,0,0,0,0,0
DoUppFeSereno,2007,7,7,0,0,0,0,0,1,1
DoUppFeSereno,2007,8,8,0,0,0,0,0,0,0
DoUppFeSereno,2007,9,9,0,0,0,0,0,1,0
DoUppFeSereno,2007,10,10,0,0,0,0,0,0,0
DoUppFeSereno,2007,11,11,0,0,0,0,0,0,0
DoUppFeSereno,2007,12,12,1,0,0,0,0,1,0
DoUppFeSereno,2008,1,13,0,0,0,0,0,2,1
DoUppFeSereno,2008,2,14,0,0,0,0,0,1,0
DoUppFeSereno,2008,3,15,0,0,0,0,0,0,1
DoUppFeSereno,2008,4,16,0,0,0,0,0,0,0
DoUppFeSereno,2008,5,17,0,0,0,0,0,0,0
DoUppFeSereno,2008,6,18,0,0,0,0,0,1,0
DoUppFeSereno,2008,7,19,0,0,0,0,0,0,0
DoUppFeSereno,2008,8,20,0,0,0,0,0,0,1
DoUppFeSereno,2008,9,21,0,0,0,0,0,1,1
DoUppFeSereno,2008,10,22,0,0,0,0,0,1,0
DoUppFeSereno,2008,11,23,0,0,0,0,0,1,0
DoUppFeSereno,2008,12,24,0,0,0,0,0,0,2
DoUppFeSereno,2009,1,25,0,0,0,0,0,0,0
DoUppFeSereno,2009,2,26,0,0,0,0,0,0,0
DoUppFeSereno,2009,3,27,0,0,0,0,0,0,0
DoUppFeSereno,2009,4,28,0,0,0,0,0,1,0
DoUppFeSereno,2009,5,29,0,0,0,0,0,0,0
DoUppFeSereno,2009,6,30,1,0,0,0,0,1,0
DoUppFeSereno,2009,7,31,0,0,0,0,0,2,0
DoUppFeSereno,2009,8,32,0,0,0,0,0,1,0
DoUppFeSereno,2009,9,33,0,0,0,0,0,0,0
DoUppFeSereno,2009,10,34,0,0,0,0,0,0,0
DoUppFeSereno,2009,11,35,0,0,0,0,0,2,0
DoUppFeSereno,2009,12,36,0,0,0,0,0,0,1
DoUppFeSereno,2010,1,37,0,0,0,0,0,0,0
DoUppFeSereno,2010,2,38,0,0,0,0,0,0,0
DoUppFeSereno,2010,3,39,0,0,0,0,0,0,1
DoUppFeSereno,2010,4,40,0,0,0,0,0,0,0
DoUppFeSereno,2010,5,41,0,0,0,0,0,0,0
DoUppFeSereno,2010,6,42,0,0,0,0,0,0,0
DoUppFeSereno,2010,7,43,0,0,0,0,0,1,0
DoUppFeSereno,2010,8,44,0,0,0,0,0,1,0
DoUppFeSereno,2010,9,45,0,0,0,0,0,1,0
DoUppFeSereno,2010,10,46,0,0,0,0,0,0,0
DoUppFeSereno,2010,11,47,0,0,0,0,0,0,0
DoUppFeSereno,2010,12,48,0,0,0,0,0,0,0
DoUppFeSereno,2011,1,49,0,0,0,0,0,0,1
DoUppFeSereno,2011,2,50,0,0,0,0,0,0,4
DoUppFeSereno,2011,3,51,0,0,0,0,0,0,0
DoUppFeSereno,2011,4,52,0,0,0,0,0,1,0
DoUppFeSereno,2011,5,53,0,0,0,0,0,0,0
DoUppFeSereno,2011,6,54,0,0,0,0,0,0,1
DoUppFeSereno,2011,7,55,0,0,0,0,0,0,1
DoUppFeSereno,2011,8,56,0,0,0,0,0,0,3
DoUppFeSereno,2011,9,57,0,0,0,0,0,1,2
DoUppFeSereno,2011,10,58,0,0,0,0,0,0,0
DoUppFeSereno,2011,11,59,0,0,0,0,0,0,2
DoUppFeSereno,2011,12,60,0,0,0,0,0,0,0
DoUppFeSereno,2012,1,61,0,0,0,0,0,0,3
DoUppFeSereno,2012,2,62,0,0,0,0,0,0,0
DoUppFeSereno,2012,3,63,0,0,0,0,0,2,0
DoUppFeSereno,2012,4,64,0,0,0,0,0,0,1
DoUppFeSereno,2012,5,65,0,0,0,0,0,2,0
DoUppFeSereno,2012,6,66,0,0,0,0,0,0,4
DoUppFeSereno,2012,7,67,0,0,0,0,0,1,1
DoUppFeSereno,2012,8,68,0,0,0,0,0,0,1
DoUppFeSereno,2012,9,69,1,0,0,0,0,0,0
DoUppFeSereno,2012,10,70,0,0,0,0,0,0,0
DoUppFeSereno,2012,11,71,0,0,0,0,0,0,0
DoUppFeSereno,2012,12,72,0,0,0,0,0,0,1
DoUppFeSereno,2013,1,73,0,0,0,0,0,0,0
DoUppFeSereno,2013,2,74,0,0,0,0,0,0,0
DoUppFeSereno,2013,3,75,0,0,0,0,0,1,0
DoUppFeSereno,2013,4,76,0,0,0,0,0,0,1
DoUppFeSereno,2013,5,77,0,0,0,0,0,0,1
DoUppFeSereno,2013,6,78,0,0,0,0,0,1,1
DoUppFeSereno,2013,7,79,0,0,0,0,0,0,1
DoUppFeSereno,2013,8,80,0,0,0,0,0,1,2
DoUppFeSereno,2013,9,81,0,0,0,0,0,0,0
DoUppFeSereno,2013,10,82,0,0,0,0,0,0,3
DoUppFeSereno,2013,11,83,0,0,0,0,0,0,1
DoUppFeSereno,2013,12,84,0,0,0,0,0,0,1
DoUppFeSereno,2014,1,85,0,0,0,0,0,0,1
DoUppFeSereno,2014,2,86,0,0,0,0,0,0,1
DoUppFeSereno,2014,3,87,0,0,0,0,0,0,0
DoUppFeSereno,2014,4,88,0,0,0,0,0,0,0
DoUppFeSereno,2014,5,89,0,0,0,0,0,1,0
DoUppFeSereno,2014,6,90,0,0,0,0,0,1,1
DoUppFeSereno,2014,7,91,0,0,0,0,0,0,1
DoUppFeSereno,2014,8,92,0,0,0,0,0,0,1
DoUppFeSereno,2014,9,93,0,0,0,0,0,0,2
DoUppFeSereno,2014,10,94,0,0,0,0,0,1,2
DoUppFeSereno,2014,11,95,0,0,0,0,0,0,1
DoUppFeSereno,2014,12,96,0,0,0,0,0,0,0
DoUppFeSereno,2015,1,97,0,0,0,0,0,1,0
DoUppFeSereno,2015,2,98,0,0,0,0,0,1,0
DoUppFeSereno,2015,3,99,0,0,0,0,0,2,0
DoUppFeSereno,2015,4,100,0,0,0,0,0,0,1
DoUppFeSereno,2015,5,101,0,0,0,0,0,0,1
DoUppFeSereno,2015,6,102,0,0,0,0,0,0,1
DoUppFeSereno,2015,7,103,0,0,0,0,0,0,2
DoUppFeSereno,2015,8,104,0,0,0,0,0,0,0
DoUppFeSereno,2015,9,105,0,0,0,0,0,2,3
DoUppFeSereno,2015,10,106,0,0,0,0,0,1,0
DoUppFeSereno,2015,11,107,0,0,0,0,0,0,0
DoUppFeSereno,2015,12,108,0,0,1,0,0,2,1
DoUppFeSereno,2016,1,109,0,0,0,0,0,1,0
DoUppFeSereno,2016,2,110,0,0,0,0,0,0,2
DoUppFeSereno,2016,3,111,0,0,0,0,0,0,1
DoUppFeSereno,2016,4,112,0,0,0,0,0,0,0
DoUppFeSereno,2016,5,113,0,0,0,0,0,1,0
DoUppFeSereno,2016,6,114,0,0,0,0,0,0,1
DoUppParqueProletario,2007,1,1,0,0,0,0,0,2,2
DoUppParqueProletario,2007,2,2,0,0,0,0,0,1,0
DoUppParqueProletario,2007,3,3,1,0,0,0,0,0,0
DoUppParqueProletario,2007,4,4,0,0,0,0,0,0,0
DoUppParqueProletario,2007,5,5,0,0,0,0,0,0,0
DoUppParqueProletario,2007,6,6,0,0,0,0,0,0,0
DoUppParqueProletario,2007,7,7,0,0,0,0,0,0,0
DoUppParqueProletario,2007,8,8,0,0,0,0,0,1,0
DoUppParqueProletario,2007,9,9,0,0,0,0,0,0,0
DoUppParqueProletario,2007,10,10,0,0,0,0,0,0,2
DoUppParqueProletario,2007,11,11,0,0,0,0,0,1,0
DoUppParqueProletario,2007,12,12,0,0,0,0,0,1,3
DoUppParqueProletario,2008,1,13,0,0,0,0,0,3,0
DoUppParqueProletario,2008,2,14,0,0,0,0,0,0,0
DoUppParqueProletario,2008,3,15,0,0,0,0,0,0,0
DoUppParqueProletario,2008,4,16,0,0,0,0,0,0,1
DoUppParqueProletario,2008,5,17,0,0,0,0,0,2,1
DoUppParqueProletario,2008,6,18,0,0,0,0,0,2,2
DoUppParqueProletario,2008,7,19,0,0,0,0,0,0,2
DoUppParqueProletario,2008,8,20,0,0,0,0,0,0,1
DoUppParqueProletario,2008,9,21,0,0,0,0,0,2,2
DoUppParqueProletario,2008,10,22,0,0,0,0,0,0,0
DoUppParqueProletario,2008,11,23,0,0,0,0,0,1,4
DoUppParqueProletario,2008,12,24,0,0,0,0,0,0,0
DoUppParqueProletario,2009,1,25,0,0,0,0,0,0,2
DoUppParqueProletario,2009,2,26,0,0,0,0,0,1,1
DoUppParqueProletario,2009,3,27,1,0,0,0,0,0,1
DoUppParqueProletario,2009,4,28,0,0,0,0,0,1,0
DoUppParqueProletario,2009,5,29,0,0,0,0,0,3,1
DoUppParqueProletario,2009,6,30,0,0,0,0,0,1,2
DoUppParqueProletario,2009,7,31,0,0,0,0,0,1,0
DoUppParqueProletario,2009,8,32,0,0,0,0,0,0,0
DoUppParqueProletario,2009,9,33,0,0,0,0,0,0,0
DoUppParqueProletario,2009,10,34,0,0,0,0,0,1,0
DoUppParqueProletario,2009,11,35,0,0,0,0,0,0,0
DoUppParqueProletario,2009,12,36,0,0,0,0,0,1,3
DoUppParqueProletario,2010,1,37,0,0,0,0,0,2,1
DoUppParqueProletario,2010,2,38,0,0,0,0,0,0,1
DoUppParqueProletario,2010,3,39,0,0,0,0,0,1,0
DoUppParqueProletario,2010,4,40,0,0,0,0,0,0,1
DoUppParqueProletario,2010,5,41,0,0,0,0,0,0,1
DoUppParqueProletario,2010,6,42,0,0,0,0,0,1,2
DoUppParqueProletario,2010,7,43,0,0,0,0,0,2,1
DoUppParqueProletario,2010,8,44,0,0,0,0,0,2,0
DoUppParqueProletario,2010,9,45,0,0,0,0,0,2,0
DoUppParqueProletario,2010,10,46,0,0,0,0,0,1,0
DoUppParqueProletario,2010,11,47,0,0,0,0,0,2,4
DoUppParqueProletario,2010,12,48,0,0,0,0,0,6,2
DoUppParqueProletario,2011,1,49,0,0,0,0,0,2,1
DoUppParqueProletario,2011,2,50,0,0,0,0,0,1,0
DoUppParqueProletario,2011,3,51,0,0,0,0,0,3,3
DoUppParqueProletario,2011,4,52,0,0,0,0,0,0,0
DoUppParqueProletario,2011,5,53,0,0,0,0,0,0,2
DoUppParqueProletario,2011,6,54,0,0,0,0,0,0,0
DoUppParqueProletario,2011,7,55,0,0,0,0,0,1,2
DoUppParqueProletario,2011,8,56,0,0,0,0,0,0,1
DoUppParqueProletario,2011,9,57,0,0,0,0,0,0,0
DoUppParqueProletario,2011,10,58,0,0,0,0,0,2,2
DoUppParqueProletario,2011,11,59,0,0,0,0,0,1,1
DoUppParqueProletario,2011,12,60,0,0,0,0,0,1,1
DoUppParqueProletario,2012,1,61,0,0,0,0,0,1,1
DoUppParqueProletario,2012,2,62,1,0,0,0,0,3,2
DoUppParqueProletario,2012,3,63,0,0,0,0,0,3,3
DoUppParqueProletario,2012,4,64,0,0,0,0,0,2,2
DoUppParqueProletario,2012,5,65,0,0,0,0,0,3,1
DoUppParqueProletario,2012,6,66,0,0,0,0,0,1,2
DoUppParqueProletario,2012,7,67,0,0,0,0,0,2,1
DoUppParqueProletario,2012,8,68,0,0,0,0,0,1,3
DoUppParqueProletario,2012,9,69,0,0,0,0,0,1,2
DoUppParqueProletario,2012,10,70,0,0,0,0,0,1,0
DoUppParqueProletario,2012,11,71,0,0,0,0,0,2,1
DoUppParqueProletario,2012,12,72,0,0,0,0,0,0,2
DoUppParqueProletario,2013,1,73,0,0,0,0,0,0,1
DoUppParqueProletario,2013,2,74,0,0,0,0,0,1,2
DoUppParqueProletario,2013,3,75,0,0,0,0,0,2,2
DoUppParqueProletario,2013,4,76,0,0,0,0,0,4,0
DoUppParqueProletario,2013,5,77,0,0,0,0,0,2,0
DoUppParqueProletario,2013,6,78,1,0,0,0,0,5,0
DoUppParqueProletario,2013,7,79,0,0,0,0,0,1,2
DoUppParqueProletario,2013,8,80,0,0,0,0,0,1,1
DoUppParqueProletario,2013,9,81,0,0,0,0,0,2,0
DoUppParqueProletario,2013,10,82,0,0,0,0,0,1,2
DoUppParqueProletario,2013,11,83,0,0,0,1,0,1,1
DoUppParqueProletario,2013,12,84,0,0,0,0,0,4,0
DoUppParqueProletario,2014,1,85,0,0,0,0,0,0,4
DoUppParqueProletario,2014,2,86,0,0,0,1,0,0,4
DoUppParqueProletario,2014,3,87,0,0,0,0,0,0,2
DoUppParqueProletario,2014,4,88,0,0,0,0,0,2,3
DoUppParqueProletario,2014,5,89,0,0,0,0,0,2,2
DoUppParqueProletario,2014,6,90,0,0,0,0,0,1,0
DoUppParqueProletario,2014,7,91,0,0,0,0,0,2,1
DoUppParqueProletario,2014,8,92,0,0,0,0,0,1,0
DoUppParqueProletario,2014,9,93,0,0,0,0,0,1,1
DoUppParqueProletario,2014,10,94,0,0,0,0,0,1,1
DoUppParqueProletario,2014,11,95,1,0,0,0,0,0,0
DoUppParqueProletario,2014,12,96,0,0,0,0,0,0,1
DoUppParqueProletario,2015,1,97,0,0,0,0,0,0,0
DoUppParqueProletario,2015,2,98,1,0,0,0,0,0,0
DoUppParqueProletario,2015,3,99,0,0,0,0,0,1,1
DoUppParqueProletario,2015,4,100,0,0,0,0,0,0,1
DoUppParqueProletario,2015,5,101,0,0,0,0,0,0,1
DoUppParqueProletario,2015,6,102,0,0,0,0,0,0,0
DoUppParqueProletario,2015,7,103,0,0,0,0,0,1,0
DoUppParqueProletario,2015,8,104,0,0,0,0,0,0,1
DoUppParqueProletario,2015,9,105,0,0,0,0,0,0,0
DoUppParqueProletario,2015,10,106,0,0,0,0,0,0,1
DoUppParqueProletario,2015,11,107,0,0,0,0,0,0,0
DoUppParqueProletario,2015,12,108,0,0,0,0,0,3,0
DoUppParqueProletario,2016,1,109,0,0,0,0,0,0,0
DoUppParqueProletario,2016,2,110,0,0,0,0,0,0,0
DoUppParqueProletario,2016,3,111,0,0,0,0,0,0,0
DoUppParqueProletario,2016,4,112,0,0,0,0,0,0,0
DoUppParqueProletario,2016,5,113,0,0,0,0,0,0,0
DoUppParqueProletario,2016,6,114,0,0,0,0,0,1,2
DoUppVilaCruzeiro,2007,1,1,1,0,0,0,0,1,0
DoUppVilaCruzeiro,2007,2,2,0,0,0,0,0,2,0
DoUppVilaCruzeiro,2007,3,3,0,0,0,0,0,4,3
DoUppVilaCruzeiro,2007,4,4,0,0,0,0,0,3,1
DoUppVilaCruzeiro,2007,5,5,1,0,0,0,0,1,2
DoUppVilaCruzeiro,2007,6,6,0,0,0,0,0,2,3
DoUppVilaCruzeiro,2007,7,7,1,0,0,0,0,1,1
DoUppVilaCruzeiro,2007,8,8,1,0,0,0,0,0,4
DoUppVilaCruzeiro,2007,9,9,0,0,0,0,0,1,0
DoUppVilaCruzeiro,2007,10,10,0,0,0,0,0,1,1
DoUppVilaCruzeiro,2007,11,11,1,0,0,1,0,1,0
DoUppVilaCruzeiro,2007,12,12,0,0,0,0,0,1,1
DoUppVilaCruzeiro,2008,1,13,2,0,0,1,0,0,0
DoUppVilaCruzeiro,2008,2,14,1,0,0,0,0,1,0
DoUppVilaCruzeiro,2008,3,15,0,0,0,0,0,0,0
DoUppVilaCruzeiro,2008,4,16,1,0,0,0,0,3,2
DoUppVilaCruzeiro,2008,5,17,1,0,0,0,0,2,1
DoUppVilaCruzeiro,2008,6,18,0,0,0,0,0,3,2
DoUppVilaCruzeiro,2008,7,19,1,0,0,0,0,3,2
DoUppVilaCruzeiro,2008,8,20,2,0,0,0,0,3,2
DoUppVilaCruzeiro,2008,9,21,0,0,0,0,0,0,3
DoUppVilaCruzeiro,2008,10,22,0,0,0,0,0,0,0
DoUppVilaCruzeiro,2008,11,23,1,0,0,0,0,1,2
DoUppVilaCruzeiro,2008,12,24,0,0,0,0,0,2,2
DoUppVilaCruzeiro,2009,1,25,1,0,0,0,0,1,2
DoUppVilaCruzeiro,2009,2,26,0,0,0,0,0,0,1
DoUppVilaCruzeiro,2009,3,27,0,0,0,0,0,0,1
DoUppVilaCruzeiro,2009,4,28,0,0,0,0,0,3,6
DoUppVilaCruzeiro,2009,5,29,0,0,0,0,0,0,2
DoUppVilaCruzeiro,2009,6,30,0,0,0,0,0,0,1
DoUppVilaCruzeiro,2009,7,31,0,0,0,0,0,0,0
DoUppVilaCruzeiro,2009,8,32,0,0,0,0,0,0,1
DoUppVilaCruzeiro,2009,9,33,0,0,0,0,0,0,3
DoUppVilaCruzeiro,2009,10,34,0,0,0,0,0,1,1
DoUppVilaCruzeiro,2009,11,35,0,0,0,0,0,1,4
DoUppVilaCruzeiro,2009,12,36,0,0,0,0,0,0,2
DoUppVilaCruzeiro,2010,1,37,0,0,0,0,0,1,2
DoUppVilaCruzeiro,2010,2,38,1,0,0,0,0,3,0
DoUppVilaCruzeiro,2010,3,39,0,0,0,0,0,0,1
DoUppVilaCruzeiro,2010,4,40,1,0,0,0,0,0,5
DoUppVilaCruzeiro,2010,5,41,0,0,0,0,0,2,1
DoUppVilaCruzeiro,2010,6,42,0,0,0,0,0,2,1
DoUppVilaCruzeiro,2010,7,43,0,0,0,0,0,4,4
DoUppVilaCruzeiro,2010,8,44,0,0,0,0,0,2,4
DoUppVilaCruzeiro,2010,9,45,1,0,0,0,0,1,2
DoUppVilaCruzeiro,2010,10,46,0,0,0,0,0,0,4
DoUppVilaCruzeiro,2010,11,47,3,0,0,0,0,2,4
DoUppVilaCruzeiro,2010,12,48,3,0,0,0,0,1,5
DoUppVilaCruzeiro,2011,1,49,2,0,0,0,0,0,5
DoUppVilaCruzeiro,2011,2,50,3,0,0,0,0,1,9
DoUppVilaCruzeiro,2011,3,51,0,0,0,0,0,3,5
DoUppVilaCruzeiro,2011,4,52,0,0,0,0,0,1,2
DoUppVilaCruzeiro,2011,5,53,0,0,0,0,0,1,8
DoUppVilaCruzeiro,2011,6,54,0,0,0,0,0,0,5
DoUppVilaCruzeiro,2011,7,55,1,0,0,0,0,2,1
DoUppVilaCruzeiro,2011,8,56,0,0,0,0,0,3,6
DoUppVilaCruzeiro,2011,9,57,0,0,0,0,0,1,3
DoUppVilaCruzeiro,2011,10,58,0,0,0,0,0,1,3
DoUppVilaCruzeiro,2011,11,59,0,0,0,0,0,0,6
DoUppVilaCruzeiro,2011,12,60,0,0,0,0,0,2,3
DoUppVilaCruzeiro,2012,1,61,1,0,0,0,0,1,2
DoUppVilaCruzeiro,2012,2,62,0,0,0,0,0,1,3
DoUppVilaCruzeiro,2012,3,63,0,0,0,0,0,1,1
DoUppVilaCruzeiro,2012,4,64,0,0,0,0,0,0,5
DoUppVilaCruzeiro,2012,5,65,0,0,0,0,0,1,3
DoUppVilaCruzeiro,2012,6,66,0,0,0,0,0,1,2
DoUppVilaCruzeiro,2012,7,67,0,0,0,0,0,0,5
DoUppVilaCruzeiro,2012,8,68,0,0,0,0,0,0,7
DoUppVilaCruzeiro,2012,9,69,0,0,0,0,0,1,0
DoUppVilaCruzeiro,2012,10,70,0,0,0,0,0,0,1
DoUppVilaCruzeiro,2012,11,71,0,0,0,0,0,2,5
DoUppVilaCruzeiro,2012,12,72,0,0,0,0,0,1,3
DoUppVilaCruzeiro,2013,1,73,0,0,0,0,0,0,3
DoUppVilaCruzeiro,2013,2,74,0,0,0,0,0,2,3
DoUppVilaCruzeiro,2013,3,75,0,0,0,0,0,1,3
DoUppVilaCruzeiro,2013,4,76,0,0,0,0,0,1,0
DoUppVilaCruzeiro,2013,5,77,0,0,0,0,0,0,6
DoUppVilaCruzeiro,2013,6,78,1,0,0,0,0,0,5
DoUppVilaCruzeiro,2013,7,79,0,0,0,0,0,1,3
DoUppVilaCruzeiro,2013,8,80,1,0,0,0,0,0,2
DoUppVilaCruzeiro,2013,9,81,1,0,0,0,0,0,6
DoUppVilaCruzeiro,2013,10,82,0,0,0,0,0,2,4
DoUppVilaCruzeiro,2013,11,83,1,0,0,0,0,0,3
DoUppVilaCruzeiro,2013,12,84,0,0,0,0,0,1,1
DoUppVilaCruzeiro,2014,1,85,0,0,0,0,0,1,2
DoUppVilaCruzeiro,2014,2,86,0,0,0,1,0,1,2
DoUppVilaCruzeiro,2014,3,87,0,0,0,1,0,0,1
DoUppVilaCruzeiro,2014,4,88,0,0,0,0,0,1,4
DoUppVilaCruzeiro,2014,5,89,0,0,0,0,0,2,6
DoUppVilaCruzeiro,2014,6,90,0,0,0,0,0,1,2
DoUppVilaCruzeiro,2014,7,91,0,0,0,0,0,0,2
DoUppVilaCruzeiro,2014,8,92,0,0,0,0,0,1,5
DoUppVilaCruzeiro,2014,9,93,0,0,0,0,0,2,4
DoUppVilaCruzeiro,2014,10,94,0,0,0,0,0,0,4
DoUppVilaCruzeiro,2014,11,95,1,0,0,0,0,2,3
DoUppVilaCruzeiro,2014,12,96,0,0,0,0,0,1,4
DoUppVilaCruzeiro,2015,1,97,0,0,0,0,0,0,5
DoUppVilaCruzeiro,2015,2,98,0,0,0,0,0,1,0
DoUppVilaCruzeiro,2015,3,99,0,0,0,0,0,2,7
DoUppVilaCruzeiro,2015,4,100,0,0,0,0,0,1,3
DoUppVilaCruzeiro,2015,5,101,0,0,0,0,0,1,2
DoUppVilaCruzeiro,2015,6,102,0,0,0,0,0,0,2
DoUppVilaCruzeiro,2015,7,103,0,0,0,0,0,2,6
DoUppVilaCruzeiro,2015,8,104,1,0,0,0,0,2,1
DoUppVilaCruzeiro,2015,9,105,0,0,0,0,0,2,5
DoUppVilaCruzeiro,2015,10,106,0,0,0,0,0,1,3
DoUppVilaCruzeiro,2015,11,107,1,0,0,0,0,1,2
DoUppVilaCruzeiro,2015,12,108,0,0,0,0,0,4,6
DoUppVilaCruzeiro,2016,1,109,0,0,0,0,0,1,1
DoUppVilaCruzeiro,2016,2,110,0,0,0,0,0,0,2
DoUppVilaCruzeiro,2016,3,111,0,0,0,0,0,2,2
DoUppVilaCruzeiro,2016,4,112,0,0,0,0,0,0,4
DoUppVilaCruzeiro,2016,5,113,0,1,0,0,0,0,0
DoUppVilaCruzeiro,2016,6,114,1,0,0,0,0,1,1
DoUppRocinha,2007,1,1,0,0,0,0,0,0,2
DoUppRocinha,2007,2,2,1,0,0,0,0,1,2
DoUppRocinha,2007,3,3,1,0,0,0,0,0,2
DoUppRocinha,2007,4,4,0,0,0,0,0,1,2
DoUppRocinha,2007,5,5,0,0,0,0,0,0,2
DoUppRocinha,2007,6,6,1,0,0,0,0,1,3
DoUppRocinha,2007,7,7,1,0,0,0,0,0,3
DoUppRocinha,2007,8,8,0,0,0,0,0,0,2
DoUppRocinha,2007,9,9,0,0,0,0,0,0,1
DoUppRocinha,2007,10,10,0,0,0,0,0,0,0
DoUppRocinha,2007,11,11,0,0,0,0,0,0,0
DoUppRocinha,2007,12,12,1,0,0,0,0,0,5
DoUppRocinha,2008,1,13,0,0,0,0,0,0,3
DoUppRocinha,2008,2,14,0,0,0,0,0,0,4
DoUppRocinha,2008,3,15,0,0,0,1,0,0,2
DoUppRocinha,2008,4,16,0,0,0,0,0,0,1
DoUppRocinha,2008,5,17,0,0,0,0,0,0,2
DoUppRocinha,2008,6,18,0,0,0,0,0,1,1
DoUppRocinha,2008,7,19,1,0,0,0,0,0,2
DoUppRocinha,2008,8,20,1,0,0,0,0,0,1
DoUppRocinha,2008,9,21,0,0,0,0,0,0,3
DoUppRocinha,2008,10,22,0,0,0,0,0,1,10
DoUppRocinha,2008,11,23,0,0,0,0,0,0,1
DoUppRocinha,2008,12,24,0,0,0,0,0,0,3
DoUppRocinha,2009,1,25,0,0,0,0,0,1,6
DoUppRocinha,2009,2,26,0,0,0,0,0,0,1
DoUppRocinha,2009,3,27,0,0,0,0,0,1,1
DoUppRocinha,2009,4,28,0,0,0,0,0,0,3
DoUppRocinha,2009,5,29,0,0,0,0,0,0,3
DoUppRocinha,2009,6,30,0,0,0,0,0,0,5
DoUppRocinha,2009,7,31,0,0,0,0,0,0,2
DoUppRocinha,2009,8,32,0,0,0,0,0,0,2
DoUppRocinha,2009,9,33,0,0,0,0,0,0,2
DoUppRocinha,2009,10,34,0,0,0,0,0,1,2
DoUppRocinha,2009,11,35,0,0,0,0,0,0,5
DoUppRocinha,2009,12,36,0,0,0,0,0,0,2
DoUppRocinha,2010,1,37,0,0,0,0,0,0,5
DoUppRocinha,2010,2,38,1,0,0,0,0,0,11
DoUppRocinha,2010,3,39,1,0,0,0,0,0,2
DoUppRocinha,2010,4,40,0,0,0,0,0,0,2
DoUppRocinha,2010,5,41,0,0,0,0,0,0,4
DoUppRocinha,2010,6,42,0,0,0,0,0,0,0
DoUppRocinha,2010,7,43,0,0,0,0,0,0,2
DoUppRocinha,2010,8,44,1,0,0,0,0,0,2
DoUppRocinha,2010,9,45,0,0,0,0,0,0,2
DoUppRocinha,2010,10,46,0,0,0,0,0,0,6
DoUppRocinha,2010,11,47,0,0,0,0,0,1,3
DoUppRocinha,2010,12,48,0,0,0,0,0,0,7
DoUppRocinha,2011,1,49,0,0,0,0,0,0,3
DoUppRocinha,2011,2,50,0,0,0,0,0,0,0
DoUppRocinha,2011,3,51,0,0,0,0,0,1,1
DoUppRocinha,2011,4,52,0,0,0,0,0,0,4
DoUppRocinha,2011,5,53,2,0,0,0,0,1,5
DoUppRocinha,2011,6,54,0,0,0,0,0,0,4
DoUppRocinha,2011,7,55,0,0,0,0,0,1,3
DoUppRocinha,2011,8,56,0,0,0,0,0,1,7
DoUppRocinha,2011,9,57,0,0,0,0,0,0,9
DoUppRocinha,2011,10,58,0,0,0,0,0,0,1
DoUppRocinha,2011,11,59,0,0,0,0,0,0,8
DoUppRocinha,2011,12,60,0,0,0,0,0,2,10
DoUppRocinha,2012,1,61,1,0,0,0,0,0,9
DoUppRocinha,2012,2,62,1,0,0,0,0,0,12
DoUppRocinha,2012,3,63,2,0,0,0,0,2,8
DoUppRocinha,2012,4,64,1,0,0,1,0,1,14
DoUppRocinha,2012,5,65,0,0,0,0,0,2,10
DoUppRocinha,2012,6,66,0,0,0,0,0,2,12
DoUppRocinha,2012,7,67,0,0,0,0,0,2,15
DoUppRocinha,2012,8,68,0,0,0,0,0,1,16
DoUppRocinha,2012,9,69,1,0,0,1,0,6,9
DoUppRocinha,2012,10,70,0,0,0,0,0,0,11
DoUppRocinha,2012,11,71,0,0,0,0,0,0,12
DoUppRocinha,2012,12,72,0,0,0,0,0,0,10
DoUppRocinha,2013,1,73,0,0,0,0,0,0,9
DoUppRocinha,2013,2,74,0,0,0,0,0,0,8
DoUppRocinha,2013,3,75,0,0,0,0,0,2,13
DoUppRocinha,2013,4,76,1,0,0,0,0,0,11
DoUppRocinha,2013,5,77,0,0,0,0,0,1,14
DoUppRocinha,2013,6,78,0,0,0,0,0,1,8
DoUppRocinha,2013,7,79,1,0,0,0,0,1,12
DoUppRocinha,2013,8,80,0,0,0,0,0,4,11
DoUppRocinha,2013,9,81,1,0,0,0,0,0,11
DoUppRocinha,2013,10,82,2,0,0,0,0,2,7
DoUppRocinha,2013,11,83,0,0,0,0,0,0,8
DoUppRocinha,2013,12,84,0,0,0,0,0,1,8
DoUppRocinha,2014,1,85,1,0,0,0,0,1,23
DoUppRocinha,2014,2,86,1,0,0,0,0,0,13
DoUppRocinha,2014,3,87,0,0,0,0,0,1,23
DoUppRocinha,2014,4,88,0,0,0,0,0,2,7
DoUppRocinha,2014,5,89,1,0,0,0,0,2,17
DoUppRocinha,2014,6,90,0,0,0,0,0,2,17
DoUppRocinha,2014,7,91,0,0,0,0,0,1,16
DoUppRocinha,2014,8,92,0,0,0,0,0,1,19
DoUppRocinha,2014,9,93,0,0,0,0,0,4,19
DoUppRocinha,2014,10,94,1,0,0,0,0,2,5
DoUppRocinha,2014,11,95,0,0,0,0,0,1,9
DoUppRocinha,2014,12,96,0,0,0,0,0,1,16
DoUppRocinha,2015,1,97,2,0,0,0,0,1,7
DoUppRocinha,2015,2,98,2,0,0,0,0,3,13
DoUppRocinha,2015,3,99,0,0,0,0,0,2,13
DoUppRocinha,2015,4,100,1,0,0,0,0,1,12
DoUppRocinha,2015,5,101,0,0,0,0,0,3,3
DoUppRocinha,2015,6,102,0,0,0,0,0,1,13
DoUppRocinha,2015,7,103,1,0,0,0,0,3,12
DoUppRocinha,2015,8,104,1,0,0,0,0,3,10
DoUppRocinha,2015,9,105,0,0,0,0,0,2,10
DoUppRocinha,2015,10,106,0,0,0,0,0,3,9
DoUppRocinha,2015,11,107,0,0,0,0,0,2,6
DoUppRocinha,2015,12,108,1,0,0,0,0,3,7
DoUppRocinha,2016,1,109,2,0,0,0,0,4,17
DoUppRocinha,2016,2,110,0,0,0,0,0,1,9
DoUppRocinha,2016,3,111,0,0,0,0,0,1,8
DoUppRocinha,2016,4,112,1,0,0,0,0,3,8
DoUppRocinha,2016,5,113,0,0,0,0,0,3,12
DoUppRocinha,2016,6,114,0,0,0,0,0,1,12
DoUppJacarezinho,2007,1,1,0,0,0,0,0,17,5
DoUppJacarezinho,2007,2,2,0,0,0,0,0,14,7
DoUppJacarezinho,2007,3,3,0,0,0,0,0,20,5
DoUppJacarezinho,2007,4,4,3,0,0,0,0,11,4
DoUppJacarezinho,2007,5,5,2,0,0,0,0,12,9
DoUppJacarezinho,2007,6,6,0,0,0,0,0,6,6
DoUppJacarezinho,2007,7,7,3,0,0,0,0,16,5
DoUppJacarezinho,2007,8,8,2,0,0,0,0,20,9
DoUppJacarezinho,2007,9,9,0,0,0,0,0,15,7
DoUppJacarezinho,2007,10,10,1,0,0,0,0,16,16
DoUppJacarezinho,2007,11,11,0,0,0,0,0,13,14
DoUppJacarezinho,2007,12,12,0,0,0,0,0,18,7
DoUppJacarezinho,2008,1,13,3,0,0,0,0,14,4
DoUppJacarezinho,2008,2,14,0,0,0,0,0,20,8
DoUppJacarezinho,2008,3,15,1,0,0,0,0,13,9
DoUppJacarezinho,2008,4,16,0,0,0,0,0,12,6
DoUppJacarezinho,2008,5,17,1,0,0,0,0,12,14
DoUppJacarezinho,2008,6,18,0,0,0,0,0,11,5
DoUppJacarezinho,2008,7,19,0,0,0,0,0,22,11
DoUppJacarezinho,2008,8,20,0,0,0,0,0,14,12
DoUppJacarezinho,2008,9,21,1,0,0,0,0,7,9
DoUppJacarezinho,2008,10,22,0,0,0,0,0,12,12
DoUppJacarezinho,2008,11,23,0,0,0,0,0,12,7
DoUppJacarezinho,2008,12,24,0,0,0,0,0,18,9
DoUppJacarezinho,2009,1,25,0,0,0,0,0,13,5
DoUppJacarezinho,2009,2,26,1,0,0,0,0,6,4
DoUppJacarezinho,2009,3,27,0,0,0,0,0,11,10
DoUppJacarezinho,2009,4,28,0,0,0,0,0,17,10
DoUppJacarezinho,2009,5,29,2,0,0,0,1,7,5
DoUppJacarezinho,2009,6,30,0,0,0,0,0,13,3
DoUppJacarezinho,2009,7,31,0,0,0,0,0,9,10
DoUppJacarezinho,2009,8,32,0,0,0,0,0,13,12
DoUppJacarezinho,2009,9,33,0,0,0,0,0,10,11
DoUppJacarezinho,2009,10,34,0,0,0,0,0,21,13
DoUppJacarezinho,2009,11,35,0,0,0,0,0,15,7
DoUppJacarezinho,2009,12,36,1,0,0,0,0,8,11
DoUppJacarezinho,2010,1,37,1,1,0,0,0,9,12
DoUppJacarezinho,2010,2,38,0,0,0,0,0,9,7
DoUppJacarezinho,2010,3,39,0,0,0,0,0,9,9
DoUppJacarezinho,2010,4,40,0,0,0,0,0,20,7
DoUppJacarezinho,2010,5,41,0,0,0,0,0,10,5
DoUppJacarezinho,2010,6,42,0,0,0,0,0,12,6
DoUppJacarezinho,2010,7,43,0,0,0,0,0,15,12
DoUppJacarezinho,2010,8,44,1,0,0,0,0,11,12
DoUppJacarezinho,2010,9,45,0,0,0,0,0,13,7
DoUppJacarezinho,2010,10,46,0,0,0,0,0,8,10
DoUppJacarezinho,2010,11,47,0,0,0,0,0,6,11
DoUppJacarezinho,2010,12,48,0,0,0,0,0,21,12
DoUppJacarezinho,2011,1,49,0,0,0,0,0,17,8
DoUppJacarezinho,2011,2,50,1,0,0,0,0,13,14
DoUppJacarezinho,2011,3,51,0,0,0,0,0,17,13
DoUppJacarezinho,2011,4,52,1,0,0,0,0,15,15
DoUppJacarezinho,2011,5,53,0,0,0,0,0,12,6
DoUppJacarezinho,2011,6,54,0,0,0,0,0,13,9
DoUppJacarezinho,2011,7,55,1,0,0,0,0,22,12
DoUppJacarezinho,2011,8,56,0,0,0,0,0,10,11
DoUppJacarezinho,2011,9,57,0,0,0,0,0,10,10
DoUppJacarezinho,2011,10,58,0,0,0,0,0,6,15
DoUppJacarezinho,2011,11,59,0,0,0,0,0,11,10
DoUppJacarezinho,2011,12,60,0,1,0,0,0,15,8
DoUppJacarezinho,2012,1,61,0,0,0,0,0,5,10
DoUppJacarezinho,2012,2,62,2,0,0,0,0,10,17
DoUppJacarezinho,2012,3,63,1,0,0,0,0,6,12
DoUppJacarezinho,2012,4,64,0,0,0,0,0,7,13
DoUppJacarezinho,2012,5,65,0,0,0,0,0,11,14
DoUppJacarezinho,2012,6,66,1,0,0,0,0,15,10
DoUppJacarezinho,2012,7,67,0,0,0,0,0,10,10
DoUppJacarezinho,2012,8,68,0,0,0,0,0,8,11
DoUppJacarezinho,2012,9,69,0,0,0,0,0,7,5
DoUppJacarezinho,2012,10,70,0,0,1,0,0,10,9
DoUppJacarezinho,2012,11,71,1,0,0,0,0,10,10
DoUppJacarezinho,2012,12,72,3,0,0,0,0,7,13
DoUppJacarezinho,2013,1,73,0,0,0,0,0,8,7
DoUppJacarezinho,2013,2,74,0,0,0,0,0,13,6
DoUppJacarezinho,2013,3,75,1,0,0,0,0,6,16
DoUppJacarezinho,2013,4,76,1,0,0,0,0,6,16
DoUppJacarezinho,2013,5,77,0,0,0,0,0,9,13
DoUppJacarezinho,2013,6,78,1,0,0,0,0,5,8
DoUppJacarezinho,2013,7,79,0,0,0,0,0,6,17
DoUppJacarezinho,2013,8,80,1,0,0,0,0,11,10
DoUppJacarezinho,2013,9,81,0,0,0,0,0,4,10
DoUppJacarezinho,2013,10,82,0,0,0,0,0,6,6
DoUppJacarezinho,2013,11,83,0,0,0,0,0,10,12
DoUppJacarezinho,2013,12,84,0,0,0,0,0,7,4
DoUppJacarezinho,2014,1,85,0,0,0,0,0,7,9
DoUppJacarezinho,2014,2,86,0,0,0,0,0,15,8
DoUppJacarezinho,2014,3,87,0,0,0,0,0,10,9
DoUppJacarezinho,2014,4,88,2,0,0,0,0,17,10
DoUppJacarezinho,2014,5,89,0,0,0,0,0,6,9
DoUppJacarezinho,2014,6,90,1,0,0,0,0,9,11
DoUppJacarezinho,2014,7,91,0,0,0,0,0,8,10
DoUppJacarezinho,2014,8,92,0,0,0,0,0,6,11
DoUppJacarezinho,2014,9,93,0,0,0,0,0,11,5
DoUppJacarezinho,2014,10,94,2,0,0,0,0,11,11
DoUppJacarezinho,2014,11,95,0,0,0,0,0,6,8
DoUppJacarezinho,2014,12,96,0,0,0,0,0,7,8
DoUppJacarezinho,2015,1,97,0,0,0,0,0,13,18
DoUppJacarezinho,2015,2,98,0,0,0,0,0,12,22
DoUppJacarezinho,2015,3,99,0,0,0,0,0,12,15
DoUppJacarezinho,2015,4,100,0,0,0,0,0,12,10
DoUppJacarezinho,2015,5,101,0,0,0,0,0,11,22
DoUppJacarezinho,2015,6,102,0,0,0,0,0,15,8
DoUppJacarezinho,2015,7,103,0,0,0,0,0,20,23
DoUppJacarezinho,2015,8,104,0,0,0,0,0,12,16
DoUppJacarezinho,2015,9,105,0,0,0,0,0,21,14
DoUppJacarezinho,2015,10,106,0,0,0,0,0,11,22
DoUppJacarezinho,2015,11,107,3,0,0,1,0,19,12
DoUppJacarezinho,2015,12,108,2,1,0,2,0,18,14
DoUppJacarezinho,2016,1,109,1,0,0,0,0,15,19
DoUppJacarezinho,2016,2,110,1,0,0,0,0,13,6
DoUppJacarezinho,2016,3,111,0,0,0,0,0,21,11
DoUppJacarezinho,2016,4,112,2,0,0,0,0,9,15
DoUppJacarezinho,2016,5,113,0,0,0,0,0,6,14
DoUppJacarezinho,2016,6,114,2,0,0,1,0,11,6
DoUppManguinhos,2007,1,1,1,0,0,0,0,3,1
DoUppManguinhos,2007,2,2,1,0,0,0,0,2,3
DoUppManguinhos,2007,3,3,0,1,0,0,0,4,0
DoUppManguinhos,2007,4,4,0,0,0,0,0,0,0
DoUppManguinhos,2007,5,5,1,0,0,0,0,1,0
DoUppManguinhos,2007,6,6,1,0,0,0,0,0,2
DoUppManguinhos,2007,7,7,0,0,0,0,0,3,5
DoUppManguinhos,2007,8,8,3,0,0,0,0,1,3
DoUppManguinhos,2007,9,9,0,0,0,0,0,1,2
DoUppManguinhos,2007,10,10,0,0,0,0,0,3,2
DoUppManguinhos,2007,11,11,0,0,0,0,0,2,7
DoUppManguinhos,2007,12,12,0,0,0,0,0,3,3
DoUppManguinhos,2008,1,13,1,0,0,0,0,0,3
DoUppManguinhos,2008,2,14,0,0,0,0,0,4,1
DoUppManguinhos,2008,3,15,0,0,0,0,0,0,1
DoUppManguinhos,2008,4,16,0,0,0,0,0,0,0
DoUppManguinhos,2008,5,17,1,0,0,0,0,2,3
DoUppManguinhos,2008,6,18,0,0,0,0,0,3,7
DoUppManguinhos,2008,7,19,0,0,0,0,0,1,1
DoUppManguinhos,2008,8,20,0,0,0,0,0,0,1
DoUppManguinhos,2008,9,21,0,0,0,0,0,0,1
DoUppManguinhos,2008,10,22,0,0,0,0,0,1,1
DoUppManguinhos,2008,11,23,0,0,0,0,0,0,1
DoUppManguinhos,2008,12,24,0,0,0,0,0,2,6
DoUppManguinhos,2009,1,25,1,0,0,0,0,1,2
DoUppManguinhos,2009,2,26,0,0,0,0,0,2,3
DoUppManguinhos,2009,3,27,0,0,0,0,0,1,0
DoUppManguinhos,2009,4,28,0,0,0,0,0,1,0
DoUppManguinhos,2009,5,29,0,0,0,0,0,1,2
DoUppManguinhos,2009,6,30,0,0,0,0,0,1,1
DoUppManguinhos,2009,7,31,0,0,0,0,0,1,1
DoUppManguinhos,2009,8,32,0,0,0,0,0,3,1
DoUppManguinhos,2009,9,33,0,0,0,0,0,0,5
DoUppManguinhos,2009,10,34,0,0,0,0,0,2,6
DoUppManguinhos,2009,11,35,0,0,0,0,0,1,1
DoUppManguinhos,2009,12,36,0,0,0,0,0,3,3
DoUppManguinhos,2010,1,37,0,0,0,0,0,2,4
DoUppManguinhos,2010,2,38,0,0,0,0,0,0,2
DoUppManguinhos,2010,3,39,0,0,0,0,0,3,4
DoUppManguinhos,2010,4,40,0,0,0,0,0,1,1
DoUppManguinhos,2010,5,41,1,0,0,0,0,0,3
DoUppManguinhos,2010,6,42,0,0,0,0,0,4,3
DoUppManguinhos,2010,7,43,0,0,0,0,0,3,0
DoUppManguinhos,2010,8,44,0,0,0,0,0,1,3
DoUppManguinhos,2010,9,45,0,0,0,0,0,0,3
DoUppManguinhos,2010,10,46,0,0,0,0,0,2,2
DoUppManguinhos,2010,11,47,0,0,0,0,0,3,3
DoUppManguinhos,2010,12,48,0,0,0,0,0,2,2
DoUppManguinhos,2011,1,49,0,0,0,0,0,2,3
DoUppManguinhos,2011,2,50,0,0,0,0,0,3,3
DoUppManguinhos,2011,3,51,0,0,0,0,0,2,2
DoUppManguinhos,2011,4,52,0,0,0,0,0,0,1
DoUppManguinhos,2011,5,53,0,0,0,0,0,0,1
DoUppManguinhos,2011,6,54,1,0,0,0,0,0,1
DoUppManguinhos,2011,7,55,0,0,1,0,0,2,2
DoUppManguinhos,2011,8,56,1,0,0,0,0,2,3
DoUppManguinhos,2011,9,57,0,0,0,0,0,1,0
DoUppManguinhos,2011,10,58,0,0,0,0,0,2,3
DoUppManguinhos,2011,11,59,0,0,0,0,0,3,3
DoUppManguinhos,2011,12,60,1,0,0,0,0,2,4
DoUppManguinhos,2012,1,61,0,0,0,0,0,2,1
DoUppManguinhos,2012,2,62,0,0,0,0,0,3,0
DoUppManguinhos,2012,3,63,0,0,0,0,0,1,3
DoUppManguinhos,2012,4,64,0,0,0,0,0,1,6
DoUppManguinhos,2012,5,65,0,0,0,0,0,1,6
DoUppManguinhos,2012,6,66,0,0,0,0,0,2,7
DoUppManguinhos,2012,7,67,0,0,0,0,0,0,5
DoUppManguinhos,2012,8,68,0,0,0,0,0,0,1
DoUppManguinhos,2012,9,69,0,0,0,0,0,4,2
DoUppManguinhos,2012,10,70,1,0,0,0,0,0,8
DoUppManguinhos,2012,11,71,0,0,0,0,0,1,5
DoUppManguinhos,2012,12,72,0,0,0,0,0,1,0
DoUppManguinhos,2013,1,73,0,0,0,0,0,1,2
DoUppManguinhos,2013,2,74,0,0,0,0,0,0,3
DoUppManguinhos,2013,3,75,0,0,0,0,0,0,2
DoUppManguinhos,2013,4,76,0,0,0,0,0,1,2
DoUppManguinhos,2013,5,77,0,0,0,0,0,0,3
DoUppManguinhos,2013,6,78,0,0,0,0,0,1,3
DoUppManguinhos,2013,7,79,0,0,0,0,0,0,4
DoUppManguinhos,2013,8,80,0,0,0,0,0,0,4
DoUppManguinhos,2013,9,81,0,0,0,0,0,0,3
DoUppManguinhos,2013,10,82,0,0,0,0,0,1,4
DoUppManguinhos,2013,11,83,0,0,0,0,0,1,2
DoUppManguinhos,2013,12,84,0,0,0,0,0,0,2
DoUppManguinhos,2014,1,85,0,0,0,0,0,1,2
DoUppManguinhos,2014,2,86,1,0,0,0,0,0,2
DoUppManguinhos,2014,3,87,0,0,0,0,0,0,0
DoUppManguinhos,2014,4,88,0,0,0,0,0,1,4
DoUppManguinhos,2014,5,89,0,0,0,0,0,2,2
DoUppManguinhos,2014,6,90,0,0,0,0,0,1,1
DoUppManguinhos,2014,7,91,0,0,0,0,0,0,0
DoUppManguinhos,2014,8,92,0,0,0,0,0,0,3
DoUppManguinhos,2014,9,93,0,0,0,0,0,0,4
DoUppManguinhos,2014,10,94,0,0,0,0,0,2,1
DoUppManguinhos,2014,11,95,0,0,0,0,0,0,5
DoUppManguinhos,2014,12,96,0,0,0,0,0,2,2
DoUppManguinhos,2015,1,97,0,0,0,0,0,0,2
DoUppManguinhos,2015,2,98,0,0,0,0,0,1,2
DoUppManguinhos,2015,3,99,0,0,0,0,0,1,0
DoUppManguinhos,2015,4,100,0,0,0,0,0,1,2
DoUppManguinhos,2015,5,101,0,0,0,0,0,1,6
DoUppManguinhos,2015,6,102,0,0,0,0,0,2,2
DoUppManguinhos,2015,7,103,0,0,0,0,0,4,0
DoUppManguinhos,2015,8,104,0,0,0,0,0,2,3
DoUppManguinhos,2015,9,105,1,0,0,0,0,1,4
DoUppManguinhos,2015,10,106,0,0,0,0,0,2,6
DoUppManguinhos,2015,11,107,0,0,0,0,0,1,4
DoUppManguinhos,2015,12,108,0,0,0,0,0,1,0
DoUppManguinhos,2016,1,109,0,0,0,0,0,2,5
DoUppManguinhos,2016,2,110,0,0,0,0,0,1,4
DoUppManguinhos,2016,3,111,1,0,0,0,0,3,2
DoUppManguinhos,2016,4,112,1,0,0,0,0,2,7
DoUppManguinhos,2016,5,113,0,0,0,0,0,8,2
DoUppManguinhos,2016,6,114,1,0,0,0,0,1,5
DoUppAraraMandela,2007,1,1,0,0,0,0,0,0,2
DoUppAraraMandela,2007,2,2,1,0,0,0,0,2,1
DoUppAraraMandela,2007,3,3,0,0,0,0,0,3,0
DoUppAraraMandela,2007,4,4,0,0,0,0,0,0,0
DoUppAraraMandela,2007,5,5,0,0,0,0,0,2,1
DoUppAraraMandela,2007,6,6,0,0,0,0,0,3,2
DoUppAraraMandela,2007,7,7,1,0,0,0,0,2,1
DoUppAraraMandela,2007,8,8,0,0,0,0,0,0,0
DoUppAraraMandela,2007,9,9,0,0,0,0,0,1,0
DoUppAraraMandela,2007,10,10,0,0,0,0,0,1,1
DoUppAraraMandela,2007,11,11,0,0,0,0,0,2,3
DoUppAraraMandela,2007,12,12,0,0,0,0,0,0,4
DoUppAraraMandela,2008,1,13,0,0,0,0,0,2,6
DoUppAraraMandela,2008,2,14,0,0,0,0,0,2,1
DoUppAraraMandela,2008,3,15,0,0,0,0,0,1,1
DoUppAraraMandela,2008,4,16,0,0,0,0,0,0,2
DoUppAraraMandela,2008,5,17,0,0,0,0,0,1,0
DoUppAraraMandela,2008,6,18,0,0,0,0,0,0,2
DoUppAraraMandela,2008,7,19,0,0,0,0,0,0,1
DoUppAraraMandela,2008,8,20,0,0,0,0,0,1,2
DoUppAraraMandela,2008,9,21,0,0,0,0,0,2,1
DoUppAraraMandela,2008,10,22,0,0,0,0,0,2,0
DoUppAraraMandela,2008,11,23,0,0,0,0,0,1,0
DoUppAraraMandela,2008,12,24,0,0,0,0,0,0,1
DoUppAraraMandela,2009,1,25,0,0,0,0,0,0,1
DoUppAraraMandela,2009,2,26,0,0,0,0,0,1,0
DoUppAraraMandela,2009,3,27,0,0,0,0,0,2,3
DoUppAraraMandela,2009,4,28,0,0,0,0,0,0,1
DoUppAraraMandela,2009,5,29,0,0,0,0,0,0,2
DoUppAraraMandela,2009,6,30,0,0,0,0,0,1,1
DoUppAraraMandela,2009,7,31,1,0,0,0,0,0,1
DoUppAraraMandela,2009,8,32,0,0,0,0,0,1,1
DoUppAraraMandela,2009,9,33,0,0,0,0,0,0,3
DoUppAraraMandela,2009,10,34,1,0,0,0,0,1,2
DoUppAraraMandela,2009,11,35,0,0,0,0,0,3,1
DoUppAraraMandela,2009,12,36,1,0,0,0,0,1,1
DoUppAraraMandela,2010,1,37,0,0,0,0,0,0,0
DoUppAraraMandela,2010,2,38,0,0,0,0,0,0,1
DoUppAraraMandela,2010,3,39,0,0,0,0,0,1,1
DoUppAraraMandela,2010,4,40,0,0,0,0,0,1,1
DoUppAraraMandela,2010,5,41,0,0,0,0,0,3,1
DoUppAraraMandela,2010,6,42,0,0,0,0,0,2,1
DoUppAraraMandela,2010,7,43,0,0,0,0,0,0,2
DoUppAraraMandela,2010,8,44,0,0,0,0,0,0,0
DoUppAraraMandela,2010,9,45,1,0,0,0,0,1,0
DoUppAraraMandela,2010,10,46,0,0,0,0,0,1,2
DoUppAraraMandela,2010,11,47,0,0,0,0,0,0,1
DoUppAraraMandela,2010,12,48,0,0,0,0,0,1,1
DoUppAraraMandela,2011,1,49,0,0,0,0,0,0,4
DoUppAraraMandela,2011,2,50,0,0,0,0,0,0,0
DoUppAraraMandela,2011,3,51,0,0,0,0,0,0,0
DoUppAraraMandela,2011,4,52,0,0,0,0,0,1,1
DoUppAraraMandela,2011,5,53,0,0,0,0,0,3,2
DoUppAraraMandela,2011,6,54,0,0,0,0,0,2,2
DoUppAraraMandela,2011,7,55,0,0,0,0,0,1,1
DoUppAraraMandela,2011,8,56,0,0,0,0,0,1,1
DoUppAraraMandela,2011,9,57,0,0,0,0,0,2,0
DoUppAraraMandela,2011,10,58,0,0,0,0,0,2,3
DoUppAraraMandela,2011,11,59,0,0,0,0,0,1,6
DoUppAraraMandela,2011,12,60,0,0,0,0,0,2,2
DoUppAraraMandela,2012,1,61,1,0,0,0,0,3,1
DoUppAraraMandela,2012,2,62,0,0,0,0,0,0,1
DoUppAraraMandela,2012,3,63,0,0,0,0,0,0,4
DoUppAraraMandela,2012,4,64,0,0,0,0,0,2,1
DoUppAraraMandela,2012,5,65,0,0,0,0,0,0,4
DoUppAraraMandela,2012,6,66,0,0,0,0,0,1,5
DoUppAraraMandela,2012,7,67,1,0,0,0,0,0,2
DoUppAraraMandela,2012,8,68,1,0,0,0,0,2,0
DoUppAraraMandela,2012,9,69,0,0,0,0,0,0,1
DoUppAraraMandela,2012,10,70,0,0,1,0,0,1,1
DoUppAraraMandela,2012,11,71,0,0,0,0,0,0,5
DoUppAraraMandela,2012,12,72,0,0,0,0,0,1,0
DoUppAraraMandela,2013,1,73,0,0,0,0,0,0,3
DoUppAraraMandela,2013,2,74,0,0,0,0,0,0,0
DoUppAraraMandela,2013,3,75,0,0,0,0,0,1,0
DoUppAraraMandela,2013,4,76,0,0,0,0,0,2,2
DoUppAraraMandela,2013,5,77,0,0,0,0,0,0,2
DoUppAraraMandela,2013,6,78,0,0,0,0,0,1,2
DoUppAraraMandela,2013,7,79,0,0,0,0,0,1,2
DoUppAraraMandela,2013,8,80,0,0,0,0,0,0,1
DoUppAraraMandela,2013,9,81,0,0,0,0,0,0,4
DoUppAraraMandela,2013,10,82,0,0,0,0,0,1,0
DoUppAraraMandela,2013,11,83,0,0,0,0,0,1,1
DoUppAraraMandela,2013,12,84,0,0,0,0,0,0,1
DoUppAraraMandela,2014,1,85,0,0,0,0,0,0,3
DoUppAraraMandela,2014,2,86,0,0,0,0,0,0,2
DoUppAraraMandela,2014,3,87,0,0,0,0,0,0,1
DoUppAraraMandela,2014,4,88,0,0,0,0,0,2,0
DoUppAraraMandela,2014,5,89,0,0,0,0,0,3,5
DoUppAraraMandela,2014,6,90,0,0,0,0,0,0,3
DoUppAraraMandela,2014,7,91,0,0,0,0,0,0,1
DoUppAraraMandela,2014,8,92,0,0,0,0,0,1,2
DoUppAraraMandela,2014,9,93,0,0,0,0,0,2,0
DoUppAraraMandela,2014,10,94,0,0,0,0,0,2,0
DoUppAraraMandela,2014,11,95,0,0,0,0,0,1,1
DoUppAraraMandela,2014,12,96,0,0,0,0,0,0,1
DoUppAraraMandela,2015,1,97,0,0,0,0,0,2,0
DoUppAraraMandela,2015,2,98,0,0,0,0,0,3,1
DoUppAraraMandela,2015,3,99,0,0,0,0,0,2,1
DoUppAraraMandela,2015,4,100,0,0,0,0,0,1,2
DoUppAraraMandela,2015,5,101,0,0,0,0,0,0,2
DoUppAraraMandela,2015,6,102,0,0,0,0,0,1,5
DoUppAraraMandela,2015,7,103,0,0,0,0,0,1,1
DoUppAraraMandela,2015,8,104,0,0,0,0,0,0,1
DoUppAraraMandela,2015,9,105,0,0,0,0,0,1,2
DoUppAraraMandela,2015,10,106,0,0,0,0,0,2,0
DoUppAraraMandela,2015,11,107,0,0,0,0,0,7,1
DoUppAraraMandela,2015,12,108,0,0,0,0,0,5,0
DoUppAraraMandela,2016,1,109,0,0,1,0,0,1,0
DoUppAraraMandela,2016,2,110,0,0,0,0,0,1,1
DoUppAraraMandela,2016,3,111,0,0,0,0,0,1,3
DoUppAraraMandela,2016,4,112,0,0,0,0,0,0,0
DoUppAraraMandela,2016,5,113,0,0,0,0,0,4,2
DoUppAraraMandela,2016,6,114,0,0,0,0,0,1,1
DoUppBarreiraVascoTuiuti,2007,1,1,0,0,0,0,0,6,7
DoUppBarreiraVascoTuiuti,2007,2,2,0,0,0,0,0,20,6
DoUppBarreiraVascoTuiuti,2007,3,3,0,0,0,0,0,14,6
DoUppBarreiraVascoTuiuti,2007,4,4,0,0,0,0,0,12,6
DoUppBarreiraVascoTuiuti,2007,5,5,0,0,0,0,0,9,6
DoUppBarreiraVascoTuiuti,2007,6,6,0,0,0,0,0,10,7
DoUppBarreiraVascoTuiuti,2007,7,7,0,0,0,0,0,10,5
DoUppBarreiraVascoTuiuti,2007,8,8,0,0,0,0,0,12,5
DoUppBarreiraVascoTuiuti,2007,9,9,0,0,0,0,0,10,6
DoUppBarreiraVascoTuiuti,2007,10,10,0,0,0,0,0,7,11
DoUppBarreiraVascoTuiuti,2007,11,11,0,0,0,0,0,9,18
DoUppBarreiraVascoTuiuti,2007,12,12,1,0,0,0,0,16,11
DoUppBarreiraVascoTuiuti,2008,1,13,0,0,0,0,0,5,8
DoUppBarreiraVascoTuiuti,2008,2,14,0,0,0,0,0,10,6
DoUppBarreiraVascoTuiuti,2008,3,15,0,0,0,0,0,4,3
DoUppBarreiraVascoTuiuti,2008,4,16,0,0,0,0,0,9,3
DoUppBarreiraVascoTuiuti,2008,5,17,0,0,0,0,0,16,13
DoUppBarreiraVascoTuiuti,2008,6,18,0,0,0,0,0,14,3
DoUppBarreiraVascoTuiuti,2008,7,19,0,0,0,0,0,9,13
DoUppBarreiraVascoTuiuti,2008,8,20,1,0,0,0,0,10,13
DoUppBarreiraVascoTuiuti,2008,9,21,0,0,0,0,0,8,14
DoUppBarreiraVascoTuiuti,2008,10,22,0,0,0,0,0,16,5
DoUppBarreiraVascoTuiuti,2008,11,23,0,0,0,0,0,14,8
DoUppBarreiraVascoTuiuti,2008,12,24,0,0,0,0,0,7,8
DoUppBarreiraVascoTuiuti,2009,1,25,0,0,0,0,0,14,13
DoUppBarreiraVascoTuiuti,2009,2,26,0,0,0,0,0,5,7
DoUppBarreiraVascoTuiuti,2009,3,27,1,0,0,0,0,11,5
DoUppBarreiraVascoTuiuti,2009,4,28,0,0,0,0,0,7,8
DoUppBarreiraVascoTuiuti,2009,5,29,1,0,0,0,0,9,10
DoUppBarreiraVascoTuiuti,2009,6,30,0,0,0,0,0,9,6
DoUppBarreiraVascoTuiuti,2009,7,31,0,0,0,0,0,9,8
DoUppBarreiraVascoTuiuti,2009,8,32,0,0,0,0,0,11,9
DoUppBarreiraVascoTuiuti,2009,9,33,0,0,0,0,0,6,18
DoUppBarreiraVascoTuiuti,2009,10,34,0,0,0,0,0,8,11
DoUppBarreiraVascoTuiuti,2009,11,35,0,0,0,0,0,7,13
DoUppBarreiraVascoTuiuti,2009,12,36,0,0,0,0,0,14,8
DoUppBarreiraVascoTuiuti,2010,1,37,0,0,0,0,0,8,10
DoUppBarreiraVascoTuiuti,2010,2,38,0,0,0,0,0,9,12
DoUppBarreiraVascoTuiuti,2010,3,39,0,0,0,0,0,11,7
DoUppBarreiraVascoTuiuti,2010,4,40,0,0,0,0,0,8,9
DoUppBarreiraVascoTuiuti,2010,5,41,0,0,0,0,0,8,10
DoUppBarreiraVascoTuiuti,2010,6,42,2,0,0,0,0,3,7
DoUppBarreiraVascoTuiuti,2010,7,43,0,0,0,0,0,7,3
DoUppBarreiraVascoTuiuti,2010,8,44,0,0,0,0,0,4,7
DoUppBarreiraVascoTuiuti,2010,9,45,0,0,0,0,0,8,9
DoUppBarreiraVascoTuiuti,2010,10,46,0,0,0,0,0,11,9
DoUppBarreiraVascoTuiuti,2010,11,47,2,0,0,0,0,10,4
DoUppBarreiraVascoTuiuti,2010,12,48,0,0,0,0,0,7,11
DoUppBarreiraVascoTuiuti,2011,1,49,1,0,0,0,0,7,11
DoUppBarreiraVascoTuiuti,2011,2,50,0,0,0,0,0,12,16
DoUppBarreiraVascoTuiuti,2011,3,51,0,0,0,0,0,20,12
DoUppBarreiraVascoTuiuti,2011,4,52,0,0,0,0,0,11,5
DoUppBarreiraVascoTuiuti,2011,5,53,0,0,0,0,0,9,13
DoUppBarreiraVascoTuiuti,2011,6,54,0,0,0,0,0,11,8
DoUppBarreiraVascoTuiuti,2011,7,55,0,0,0,0,0,7,18
DoUppBarreiraVascoTuiuti,2011,8,56,0,0,0,0,0,6,15
DoUppBarreiraVascoTuiuti,2011,9,57,0,0,0,0,0,6,16
DoUppBarreiraVascoTuiuti,2011,10,58,0,0,0,0,0,4,4
DoUppBarreiraVascoTuiuti,2011,11,59,0,0,0,0,0,3,9
DoUppBarreiraVascoTuiuti,2011,12,60,0,0,0,0,0,8,13
DoUppBarreiraVascoTuiuti,2012,1,61,0,0,0,0,0,4,13
DoUppBarreiraVascoTuiuti,2012,2,62,0,0,0,0,0,6,12
DoUppBarreiraVascoTuiuti,2012,3,63,0,0,0,0,0,6,4
DoUppBarreiraVascoTuiuti,2012,4,64,0,0,0,0,0,7,10
DoUppBarreiraVascoTuiuti,2012,5,65,0,0,0,0,0,4,8
DoUppBarreiraVascoTuiuti,2012,6,66,0,0,0,0,0,4,21
DoUppBarreiraVascoTuiuti,2012,7,67,0,0,0,0,0,6,7
DoUppBarreiraVascoTuiuti,2012,8,68,0,0,0,0,0,2,12
DoUppBarreiraVascoTuiuti,2012,9,69,0,0,0,0,0,5,10
DoUppBarreiraVascoTuiuti,2012,10,70,0,0,0,0,0,7,6
DoUppBarreiraVascoTuiuti,2012,11,71,0,0,0,0,0,1,3
DoUppBarreiraVascoTuiuti,2012,12,72,0,0,0,0,0,2,8
DoUppBarreiraVascoTuiuti,2013,1,73,0,0,0,0,0,1,12
DoUppBarreiraVascoTuiuti,2013,2,74,1,0,0,0,0,3,15
DoUppBarreiraVascoTuiuti,2013,3,75,0,0,0,0,0,2,17
DoUppBarreiraVascoTuiuti,2013,4,76,0,0,0,0,0,5,7
DoUppBarreiraVascoTuiuti,2013,5,77,0,0,0,0,0,7,9
DoUppBarreiraVascoTuiuti,2013,6,78,0,0,0,0,0,10,4
DoUppBarreiraVascoTuiuti,2013,7,79,0,0,0,0,0,7,8
DoUppBarreiraVascoTuiuti,2013,8,80,1,0,0,0,0,5,13
DoUppBarreiraVascoTuiuti,2013,9,81,0,0,0,0,0,9,12
DoUppBarreiraVascoTuiuti,2013,10,82,0,0,0,0,0,6,9
DoUppBarreiraVascoTuiuti,2013,11,83,0,0,0,0,0,6,13
DoUppBarreiraVascoTuiuti,2013,12,84,1,0,0,0,0,8,6
DoUppBarreiraVascoTuiuti,2014,1,85,1,0,0,0,0,12,11
DoUppBarreiraVascoTuiuti,2014,2,86,0,0,0,0,0,10,13
DoUppBarreiraVascoTuiuti,2014,3,87,0,0,0,0,0,10,11
DoUppBarreiraVascoTuiuti,2014,4,88,0,0,0,0,0,10,9
DoUppBarreiraVascoTuiuti,2014,5,89,0,0,0,0,0,8,6
DoUppBarreiraVascoTuiuti,2014,6,90,0,0,0,0,0,10,12
DoUppBarreiraVascoTuiuti,2014,7,91,0,0,0,0,0,9,11
DoUppBarreiraVascoTuiuti,2014,8,92,0,0,0,0,0,11,6
DoUppBarreiraVascoTuiuti,2014,9,93,0,0,0,0,0,9,9
DoUppBarreiraVascoTuiuti,2014,10,94,0,0,0,0,0,14,7
DoUppBarreiraVascoTuiuti,2014,11,95,0,0,0,0,0,5,12
DoUppBarreiraVascoTuiuti,2014,12,96,0,0,0,0,0,12,10
DoUppBarreiraVascoTuiuti,2015,1,97,2,0,0,0,0,4,9
DoUppBarreiraVascoTuiuti,2015,2,98,1,0,0,0,0,8,18
DoUppBarreiraVascoTuiuti,2015,3,99,0,0,0,0,0,9,8
DoUppBarreiraVascoTuiuti,2015,4,100,0,0,0,0,0,6,15
DoUppBarreiraVascoTuiuti,2015,5,101,0,0,0,0,0,11,6
DoUppBarreiraVascoTuiuti,2015,6,102,1,0,0,0,0,12,3
DoUppBarreiraVascoTuiuti,2015,7,103,0,0,0,0,0,13,5
DoUppBarreiraVascoTuiuti,2015,8,104,0,0,0,0,0,9,8
DoUppBarreiraVascoTuiuti,2015,9,105,0,0,0,0,0,8,10
DoUppBarreiraVascoTuiuti,2015,10,106,0,0,0,0,0,8,10
DoUppBarreiraVascoTuiuti,2015,11,107,0,0,0,0,0,8,14
DoUppBarreiraVascoTuiuti,2015,12,108,0,0,0,0,0,6,3
DoUppBarreiraVascoTuiuti,2016,1,109,0,0,0,0,0,11,11
DoUppBarreiraVascoTuiuti,2016,2,110,0,0,0,0,0,3,10
DoUppBarreiraVascoTuiuti,2016,3,111,0,0,0,0,0,6,11
DoUppBarreiraVascoTuiuti,2016,4,112,0,0,0,0,0,5,9
DoUppBarreiraVascoTuiuti,2016,5,113,0,0,0,0,0,9,7
DoUppBarreiraVascoTuiuti,2016,6,114,0,0,0,0,0,5,11
DoUppCaju,2007,1,1,0,0,0,0,0,1,3
DoUppCaju,2007,2,2,1,0,0,0,0,1,2
DoUppCaju,2007,3,3,0,0,0,0,0,2,1
DoUppCaju,2007,4,4,1,0,0,0,0,5,0
DoUppCaju,2007,5,5,0,0,0,0,0,1,2
DoUppCaju,2007,6,6,0,0,0,0,0,0,3
DoUppCaju,2007,7,7,1,0,0,0,0,1,0
DoUppCaju,2007,8,8,0,0,0,0,0,1,3
DoUppCaju,2007,9,9,0,0,0,0,0,1,4
DoUppCaju,2007,10,10,0,0,0,0,0,1,1
DoUppCaju,2007,11,11,0,0,0,0,0,1,0
DoUppCaju,2007,12,12,0,0,0,0,0,0,2
DoUppCaju,2008,1,13,0,0,0,0,0,0,2
DoUppCaju,2008,2,14,0,0,0,0,0,0,3
DoUppCaju,2008,3,15,0,0,0,0,0,0,2
DoUppCaju,2008,4,16,0,0,0,0,0,0,4
DoUppCaju,2008,5,17,0,0,0,0,0,1,2
DoUppCaju,2008,6,18,0,0,0,0,0,1,0
DoUppCaju,2008,7,19,0,0,0,0,0,0,2
DoUppCaju,2008,8,20,0,0,0,0,0,0,2
DoUppCaju,2008,9,21,0,0,0,0,0,0,2
DoUppCaju,2008,10,22,0,0,0,0,0,0,0
DoUppCaju,2008,11,23,0,0,0,0,0,0,3
DoUppCaju,2008,12,24,0,0,0,0,0,1,3
DoUppCaju,2009,1,25,0,0,0,0,0,0,1
DoUppCaju,2009,2,26,0,0,0,0,0,0,1
DoUppCaju,2009,3,27,0,0,0,0,0,1,3
DoUppCaju,2009,4,28,0,0,0,0,0,1,1
DoUppCaju,2009,5,29,0,0,0,0,0,0,6
DoUppCaju,2009,6,30,0,0,0,0,0,0,2
DoUppCaju,2009,7,31,0,0,0,0,0,1,3
DoUppCaju,2009,8,32,0,0,0,0,0,0,4
DoUppCaju,2009,9,33,0,0,0,0,0,3,4
DoUppCaju,2009,10,34,1,0,0,0,0,1,1
DoUppCaju,2009,11,35,0,0,0,0,0,0,3
DoUppCaju,2009,12,36,1,0,0,0,0,0,1
DoUppCaju,2010,1,37,0,0,0,0,0,1,2
DoUppCaju,2010,2,38,0,0,0,0,0,1,2
DoUppCaju,2010,3,39,0,0,0,0,0,0,5
DoUppCaju,2010,4,40,0,0,0,0,0,0,2
DoUppCaju,2010,5,41,0,0,0,0,0,1,4
DoUppCaju,2010,6,42,0,0,0,0,0,1,3
DoUppCaju,2010,7,43,0,0,0,0,0,2,3
DoUppCaju,2010,8,44,0,0,0,0,0,2,1
DoUppCaju,2010,9,45,0,0,0,0,0,1,1
DoUppCaju,2010,10,46,0,0,0,0,0,0,1
DoUppCaju,2010,11,47,0,0,0,0,0,1,1
DoUppCaju,2010,12,48,0,0,0,0,0,1,2
DoUppCaju,2011,1,49,0,0,0,0,0,1,3
DoUppCaju,2011,2,50,0,0,0,0,0,1,2
DoUppCaju,2011,3,51,0,0,0,0,0,3,1
DoUppCaju,2011,4,52,0,0,0,0,0,0,3
DoUppCaju,2011,5,53,0,0,0,0,0,2,5
DoUppCaju,2011,6,54,1,0,0,0,0,2,2
DoUppCaju,2011,7,55,0,0,0,0,0,0,1
DoUppCaju,2011,8,56,1,0,0,0,0,0,1
DoUppCaju,2011,9,57,0,0,0,0,0,2,4
DoUppCaju,2011,10,58,0,0,0,0,0,1,2
DoUppCaju,2011,11,59,0,0,0,0,0,0,1
DoUppCaju,2011,12,60,0,0,0,0,0,1,2
DoUppCaju,2012,1,61,0,0,0,0,0,6,0
DoUppCaju,2012,2,62,1,0,0,0,0,3,2
DoUppCaju,2012,3,63,0,0,0,0,0,0,1
DoUppCaju,2012,4,64,0,0,0,0,0,0,2
DoUppCaju,2012,5,65,0,0,0,0,0,0,0
DoUppCaju,2012,6,66,0,0,0,0,0,1,1
DoUppCaju,2012,7,67,1,0,0,0,0,0,3
DoUppCaju,2012,8,68,0,0,0,0,0,0,1
DoUppCaju,2012,9,69,0,0,0,0,0,0,3
DoUppCaju,2012,10,70,0,0,0,0,0,0,2
DoUppCaju,2012,11,71,0,0,0,0,0,1,4
DoUppCaju,2012,12,72,0,0,0,0,0,0,2
DoUppCaju,2013,1,73,0,0,0,0,0,0,4
DoUppCaju,2013,2,74,0,0,0,0,0,1,6
DoUppCaju,2013,3,75,0,0,0,0,0,0,8
DoUppCaju,2013,4,76,0,0,0,0,0,0,10
DoUppCaju,2013,5,77,0,0,0,0,0,4,4
DoUppCaju,2013,6,78,0,0,0,0,0,3,9
DoUppCaju,2013,7,79,0,0,0,0,0,1,8
DoUppCaju,2013,8,80,0,0,0,0,0,1,11
DoUppCaju,2013,9,81,0,0,0,0,0,0,2
DoUppCaju,2013,10,82,0,0,0,0,0,2,7
DoUppCaju,2013,11,83,1,0,0,0,0,0,9
DoUppCaju,2013,12,84,0,0,0,0,0,0,7
DoUppCaju,2014,1,85,0,0,0,0,0,1,15
DoUppCaju,2014,2,86,0,0,0,0,0,1,15
DoUppCaju,2014,3,87,0,0,0,0,0,3,9
DoUppCaju,2014,4,88,0,0,0,0,0,1,8
DoUppCaju,2014,5,89,0,0,0,0,0,2,11
DoUppCaju,2014,6,90,0,0,0,0,0,2,11
DoUppCaju,2014,7,91,0,0,0,0,0,3,8
DoUppCaju,2014,8,92,0,0,0,0,0,3,8
DoUppCaju,2014,9,93,0,0,0,0,0,3,12
DoUppCaju,2014,10,94,0,0,0,0,0,2,4
DoUppCaju,2014,11,95,0,0,0,0,0,2,6
DoUppCaju,2014,12,96,3,0,0,0,0,1,5
DoUppCaju,2015,1,97,0,0,0,0,0,4,5
DoUppCaju,2015,2,98,0,0,0,0,0,3,2
DoUppCaju,2015,3,99,0,0,0,0,0,2,8
DoUppCaju,2015,4,100,1,0,0,0,0,1,4
DoUppCaju,2015,5,101,1,0,0,0,0,1,3
DoUppCaju,2015,6,102,0,0,0,0,0,1,4
DoUppCaju,2015,7,103,0,0,0,0,0,3,1
DoUppCaju,2015,8,104,0,0,0,0,0,1,2
DoUppCaju,2015,9,105,1,0,0,0,0,1,9
DoUppCaju,2015,10,106,0,0,0,0,0,3,1
DoUppCaju,2015,11,107,0,0,0,0,0,1,3
DoUppCaju,2015,12,108,1,0,0,0,0,5,3
DoUppCaju,2016,1,109,0,0,0,0,0,1,1
DoUppCaju,2016,2,110,0,0,0,0,0,1,3
DoUppCaju,2016,3,111,0,0,0,0,0,1,6
DoUppCaju,2016,4,112,1,0,0,0,0,3,7
DoUppCaju,2016,5,113,0,0,0,0,0,0,12
DoUppCaju,2016,6,114,1,0,0,0,0,3,3
DoUppCerroCora,2007,1,1,0,0,0,0,0,1,0
DoUppCerroCora,2007,2,2,0,0,0,0,0,0,0
DoUppCerroCora,2007,3,3,0,0,0,0,0,1,0
DoUppCerroCora,2007,4,4,0,0,0,0,0,1,0
DoUppCerroCora,2007,5,5,0,0,0,0,0,3,0
DoUppCerroCora,2007,6,6,0,0,0,0,0,3,0
DoUppCerroCora,2007,7,7,0,0,0,0,0,1,0
DoUppCerroCora,2007,8,8,0,0,0,0,0,2,2
DoUppCerroCora,2007,9,9,0,0,0,0,0,3,0
DoUppCerroCora,2007,10,10,0,0,0,0,0,0,1
DoUppCerroCora,2007,11,11,0,0,0,0,0,1,0
DoUppCerroCora,2007,12,12,0,0,0,0,0,2,0
DoUppCerroCora,2008,1,13,0,0,0,0,0,0,2
DoUppCerroCora,2008,2,14,0,0,0,0,0,0,0
DoUppCerroCora,2008,3,15,0,0,0,0,0,2,1
DoUppCerroCora,2008,4,16,0,0,0,0,0,0,0
DoUppCerroCora,2008,5,17,0,0,0,0,0,3,3
DoUppCerroCora,2008,6,18,0,0,0,0,0,2,0
DoUppCerroCora,2008,7,19,0,0,0,0,0,2,0
DoUppCerroCora,2008,8,20,0,0,0,0,0,2,0
DoUppCerroCora,2008,9,21,0,0,0,0,0,5,4
DoUppCerroCora,2008,10,22,0,0,0,0,0,0,1
DoUppCerroCora,2008,11,23,0,0,0,0,0,0,1
DoUppCerroCora,2008,12,24,0,0,0,0,0,0,0
DoUppCerroCora,2009,1,25,3,0,0,0,0,0,1
DoUppCerroCora,2009,2,26,0,0,0,0,0,1,0
DoUppCerroCora,2009,3,27,0,0,0,0,0,0,1
DoUppCerroCora,2009,4,28,0,0,0,0,0,0,2
DoUppCerroCora,2009,5,29,0,0,0,0,0,0,0
DoUppCerroCora,2009,6,30,0,0,0,0,0,1,1
DoUppCerroCora,2009,7,31,0,0,0,0,0,0,0
DoUppCerroCora,2009,8,32,0,0,0,0,0,0,0
DoUppCerroCora,2009,9,33,0,0,0,0,0,1,0
DoUppCerroCora,2009,10,34,0,0,0,0,0,0,1
DoUppCerroCora,2009,11,35,0,0,0,0,0,0,0
DoUppCerroCora,2009,12,36,0,0,0,0,0,0,0
DoUppCerroCora,2010,1,37,0,0,0,0,0,0,1
DoUppCerroCora,2010,2,38,0,0,0,0,0,1,1
DoUppCerroCora,2010,3,39,0,0,0,0,0,1,0
DoUppCerroCora,2010,4,40,0,0,0,0,0,0,0
DoUppCerroCora,2010,5,41,0,0,0,0,0,0,0
DoUppCerroCora,2010,6,42,0,0,0,0,0,0,3
DoUppCerroCora,2010,7,43,0,0,0,0,0,0,0
DoUppCerroCora,2010,8,44,0,0,0,0,0,1,0
DoUppCerroCora,2010,9,45,0,0,0,0,0,0,1
DoUppCerroCora,2010,10,46,0,0,0,0,0,0,0
DoUppCerroCora,2010,11,47,0,0,0,0,0,1,0
DoUppCerroCora,2010,12,48,0,0,0,0,0,0,0
DoUppCerroCora,2011,1,49,0,0,0,0,0,2,1
DoUppCerroCora,2011,2,50,0,0,0,0,0,0,0
DoUppCerroCora,2011,3,51,0,0,0,0,0,0,0
DoUppCerroCora,2011,4,52,0,0,0,0,0,0,0
DoUppCerroCora,2011,5,53,1,0,0,0,0,0,0
DoUppCerroCora,2011,6,54,0,0,0,0,0,1,2
DoUppCerroCora,2011,7,55,0,0,0,0,0,2,0
DoUppCerroCora,2011,8,56,0,0,0,0,0,0,0
DoUppCerroCora,2011,9,57,0,0,0,0,0,0,0
DoUppCerroCora,2011,10,58,0,0,0,0,0,0,0
DoUppCerroCora,2011,11,59,0,0,0,0,0,0,0
DoUppCerroCora,2011,12,60,0,0,0,0,0,0,0
DoUppCerroCora,2012,1,61,0,0,0,0,0,2,1
DoUppCerroCora,2012,2,62,0,0,0,0,0,0,0
DoUppCerroCora,2012,3,63,0,0,0,0,0,0,0
DoUppCerroCora,2012,4,64,0,0,0,0,0,0,0
DoUppCerroCora,2012,5,65,0,0,0,0,0,1,1
DoUppCerroCora,2012,6,66,0,0,0,0,0,1,0
DoUppCerroCora,2012,7,67,0,0,0,0,0,0,0
DoUppCerroCora,2012,8,68,0,0,0,0,0,0,0
DoUppCerroCora,2012,9,69,0,0,0,0,0,0,0
DoUppCerroCora,2012,10,70,0,0,0,0,0,0,0
DoUppCerroCora,2012,11,71,0,0,0,0,0,0,1
DoUppCerroCora,2012,12,72,0,0,0,0,0,0,0
DoUppCerroCora,2013,1,73,0,0,0,0,0,0,1
DoUppCerroCora,2013,2,74,0,0,0,0,0,0,1
DoUppCerroCora,2013,3,75,0,0,0,0,0,0,0
DoUppCerroCora,2013,4,76,0,0,0,0,0,0,1
DoUppCerroCora,2013,5,77,0,0,0,0,0,0,0
DoUppCerroCora,2013,6,78,0,0,0,0,0,0,2
DoUppCerroCora,2013,7,79,0,0,0,0,0,0,1
DoUppCerroCora,2013,8,80,0,0,0,0,0,0,1
DoUppCerroCora,2013,9,81,0,0,0,0,0,0,2
DoUppCerroCora,2013,10,82,0,0,0,0,0,0,1
DoUppCerroCora,2013,11,83,0,0,0,0,0,0,0
DoUppCerroCora,2013,12,84,0,0,0,0,0,0,3
DoUppCerroCora,2014,1,85,0,0,0,0,0,1,3
DoUppCerroCora,2014,2,86,0,0,0,0,0,0,1
DoUppCerroCora,2014,3,87,0,0,0,0,0,0,2
DoUppCerroCora,2014,4,88,0,0,0,0,0,1,1
DoUppCerroCora,2014,5,89,0,0,0,0,0,0,0
DoUppCerroCora,2014,6,90,0,0,0,0,0,1,1
DoUppCerroCora,2014,7,91,0,0,0,0,0,0,0
DoUppCerroCora,2014,8,92,0,0,0,0,0,1,3
DoUppCerroCora,2014,9,93,0,0,0,0,0,0,0
DoUppCerroCora,2014,10,94,0,0,0,0,0,0,1
DoUppCerroCora,2014,11,95,0,0,0,0,0,0,1
DoUppCerroCora,2014,12,96,0,0,0,0,0,0,1
DoUppCerroCora,2015,1,97,0,0,0,0,0,0,0
DoUppCerroCora,2015,2,98,0,0,0,0,0,0,0
DoUppCerroCora,2015,3,99,0,0,0,0,0,0,0
DoUppCerroCora,2015,4,100,0,0,0,0,0,0,0
DoUppCerroCora,2015,5,101,0,0,0,0,0,0,0
DoUppCerroCora,2015,6,102,0,0,0,0,0,0,0
DoUppCerroCora,2015,7,103,0,0,0,0,0,0,0
DoUppCerroCora,2015,8,104,0,0,0,0,0,0,1
DoUppCerroCora,2015,9,105,0,0,0,0,0,1,2
DoUppCerroCora,2015,10,106,0,0,0,0,0,1,0
DoUppCerroCora,2015,11,107,0,0,0,0,0,0,0
DoUppCerroCora,2015,12,108,0,0,0,0,0,1,2
DoUppCerroCora,2016,1,109,0,0,0,0,0,0,0
DoUppCerroCora,2016,2,110,0,0,0,0,0,0,0
DoUppCerroCora,2016,3,111,0,0,0,0,0,0,0
DoUppCerroCora,2016,4,112,0,0,0,0,0,0,0
DoUppCerroCora,2016,5,113,0,0,0,0,0,0,0
DoUppCerroCora,2016,6,114,0,0,0,0,0,0,0
DoUppCamaristaMeier,2007,1,1,1,0,0,0,0,6,5
DoUppCamaristaMeier,2007,2,2,2,0,0,0,0,4,6
DoUppCamaristaMeier,2007,3,3,0,0,0,0,0,8,3
DoUppCamaristaMeier,2007,4,4,0,0,0,0,0,9,2
DoUppCamaristaMeier,2007,5,5,0,0,0,0,0,9,4
DoUppCamaristaMeier,2007,6,6,0,0,0,0,0,12,7
DoUppCamaristaMeier,2007,7,7,0,0,0,0,0,4,4
DoUppCamaristaMeier,2007,8,8,0,0,0,0,0,10,4
DoUppCamaristaMeier,2007,9,9,0,0,0,0,0,16,3
DoUppCamaristaMeier,2007,10,10,0,0,0,0,0,11,4
DoUppCamaristaMeier,2007,11,11,0,0,0,0,0,7,2
DoUppCamaristaMeier,2007,12,12,0,0,0,0,0,7,1
DoUppCamaristaMeier,2008,1,13,0,0,0,0,0,8,7
DoUppCamaristaMeier,2008,2,14,0,0,0,0,0,4,6
DoUppCamaristaMeier,2008,3,15,0,0,0,0,0,4,5
DoUppCamaristaMeier,2008,4,16,1,0,0,0,0,12,11
DoUppCamaristaMeier,2008,5,17,1,0,0,0,0,16,4
DoUppCamaristaMeier,2008,6,18,0,0,0,0,0,3,5
DoUppCamaristaMeier,2008,7,19,0,0,0,0,0,12,7
DoUppCamaristaMeier,2008,8,20,0,0,0,0,0,6,5
DoUppCamaristaMeier,2008,9,21,1,0,0,0,0,4,2
DoUppCamaristaMeier,2008,10,22,0,0,0,0,0,6,3
DoUppCamaristaMeier,2008,11,23,0,0,0,0,0,8,5
DoUppCamaristaMeier,2008,12,24,0,0,0,0,0,5,1
DoUppCamaristaMeier,2009,1,25,0,0,0,0,0,3,4
DoUppCamaristaMeier,2009,2,26,0,0,0,0,0,9,5
DoUppCamaristaMeier,2009,3,27,1,0,0,0,0,7,3
DoUppCamaristaMeier,2009,4,28,0,0,0,0,0,8,3
DoUppCamaristaMeier,2009,5,29,2,0,0,0,0,6,6
DoUppCamaristaMeier,2009,6,30,0,0,0,0,0,6,7
DoUppCamaristaMeier,2009,7,31,0,0,0,0,0,3,2
DoUppCamaristaMeier,2009,8,32,0,0,0,0,0,2,3
DoUppCamaristaMeier,2009,9,33,0,0,0,0,0,6,5
DoUppCamaristaMeier,2009,10,34,1,0,0,0,0,2,7
DoUppCamaristaMeier,2009,11,35,0,0,0,0,0,9,3
DoUppCamaristaMeier,2009,12,36,0,0,0,0,0,3,9
DoUppCamaristaMeier,2010,1,37,2,0,0,0,0,4,6
DoUppCamaristaMeier,2010,2,38,0,1,0,0,0,7,5
DoUppCamaristaMeier,2010,3,39,0,0,0,0,0,4,2
DoUppCamaristaMeier,2010,4,40,0,0,0,0,0,4,5
DoUppCamaristaMeier,2010,5,41,0,0,0,0,0,4,5
DoUppCamaristaMeier,2010,6,42,0,0,0,0,0,7,2
DoUppCamaristaMeier,2010,7,43,0,0,0,0,0,4,2
DoUppCamaristaMeier,2010,8,44,0,0,0,0,0,4,4
DoUppCamaristaMeier,2010,9,45,1,0,0,0,0,5,3
DoUppCamaristaMeier,2010,10,46,0,0,0,0,0,4,3
DoUppCamaristaMeier,2010,11,47,0,0,0,0,0,5,2
DoUppCamaristaMeier,2010,12,48,0,0,0,0,0,2,4
DoUppCamaristaMeier,2011,1,49,0,0,0,0,0,2,6
DoUppCamaristaMeier,2011,2,50,0,0,0,0,0,3,9
DoUppCamaristaMeier,2011,3,51,0,0,0,0,0,3,6
DoUppCamaristaMeier,2011,4,52,0,0,0,0,0,0,6
DoUppCamaristaMeier,2011,5,53,0,0,0,0,0,4,4
DoUppCamaristaMeier,2011,6,54,0,0,0,0,0,7,6
DoUppCamaristaMeier,2011,7,55,0,0,0,0,0,6,9
DoUppCamaristaMeier,2011,8,56,0,0,0,0,0,2,5
DoUppCamaristaMeier,2011,9,57,0,0,0,0,0,1,2
DoUppCamaristaMeier,2011,10,58,0,0,0,0,0,4,7
DoUppCamaristaMeier,2011,11,59,0,0,0,0,0,2,0
DoUppCamaristaMeier,2011,12,60,1,0,0,0,0,2,5
DoUppCamaristaMeier,2012,1,61,0,0,0,0,0,2,2
DoUppCamaristaMeier,2012,2,62,0,0,0,0,0,6,5
DoUppCamaristaMeier,2012,3,63,0,0,0,0,0,2,11
DoUppCamaristaMeier,2012,4,64,0,0,0,0,0,5,3
DoUppCamaristaMeier,2012,5,65,0,0,0,0,0,6,7
DoUppCamaristaMeier,2012,6,66,1,0,0,0,0,2,6
DoUppCamaristaMeier,2012,7,67,0,0,0,0,0,6,5
DoUppCamaristaMeier,2012,8,68,0,0,0,0,0,4,8
DoUppCamaristaMeier,2012,9,69,0,0,0,0,0,3,3
DoUppCamaristaMeier,2012,10,70,0,0,0,0,0,3,5
DoUppCamaristaMeier,2012,11,71,0,0,0,0,0,5,11
DoUppCamaristaMeier,2012,12,72,1,0,0,0,0,1,1
DoUppCamaristaMeier,2013,1,73,0,0,0,0,0,1,2
DoUppCamaristaMeier,2013,2,74,0,0,0,0,0,3,6
DoUppCamaristaMeier,2013,3,75,0,0,0,0,0,2,7
DoUppCamaristaMeier,2013,4,76,1,0,0,0,0,3,4
DoUppCamaristaMeier,2013,5,77,0,0,0,0,0,6,3
DoUppCamaristaMeier,2013,6,78,0,0,0,0,0,3,10
DoUppCamaristaMeier,2013,7,79,0,0,0,0,0,3,6
DoUppCamaristaMeier,2013,8,80,0,0,0,0,0,4,3
DoUppCamaristaMeier,2013,9,81,0,0,0,0,0,2,11
DoUppCamaristaMeier,2013,10,82,0,0,0,0,0,5,3
DoUppCamaristaMeier,2013,11,83,0,0,0,0,0,6,7
DoUppCamaristaMeier,2013,12,84,0,0,0,0,0,7,4
DoUppCamaristaMeier,2014,1,85,0,0,0,0,0,7,4
DoUppCamaristaMeier,2014,2,86,0,0,0,0,0,2,2
DoUppCamaristaMeier,2014,3,87,0,0,0,0,0,5,5
DoUppCamaristaMeier,2014,4,88,0,0,0,0,0,3,1
DoUppCamaristaMeier,2014,5,89,0,0,0,0,0,4,6
DoUppCamaristaMeier,2014,6,90,0,0,0,0,0,6,4
DoUppCamaristaMeier,2014,7,91,0,0,0,0,0,5,8
DoUppCamaristaMeier,2014,8,92,2,0,0,0,0,7,4
DoUppCamaristaMeier,2014,9,93,0,0,0,0,0,3,3
DoUppCamaristaMeier,2014,10,94,0,0,0,1,0,0,4
DoUppCamaristaMeier,2014,11,95,0,0,0,0,0,4,3
DoUppCamaristaMeier,2014,12,96,0,0,0,0,0,5,2
DoUppCamaristaMeier,2015,1,97,0,0,0,0,0,3,5
DoUppCamaristaMeier,2015,2,98,0,0,0,0,0,4,3
DoUppCamaristaMeier,2015,3,99,0,0,0,0,0,2,5
DoUppCamaristaMeier,2015,4,100,0,0,0,0,0,4,6
DoUppCamaristaMeier,2015,5,101,1,0,0,0,0,3,5
DoUppCamaristaMeier,2015,6,102,0,0,0,0,0,2,5
DoUppCamaristaMeier,2015,7,103,0,0,0,0,0,2,7
DoUppCamaristaMeier,2015,8,104,1,0,0,0,0,7,12
DoUppCamaristaMeier,2015,9,105,0,0,0,0,0,2,3
DoUppCamaristaMeier,2015,10,106,0,0,0,0,0,8,5
DoUppCamaristaMeier,2015,11,107,0,0,0,0,0,5,2
DoUppCamaristaMeier,2015,12,108,0,0,0,0,0,5,6
DoUppCamaristaMeier,2016,1,109,0,0,0,0,0,5,3
DoUppCamaristaMeier,2016,2,110,0,0,0,0,0,6,11
DoUppCamaristaMeier,2016,3,111,0,0,0,0,0,6,4
DoUppCamaristaMeier,2016,4,112,0,0,0,0,0,4,2
DoUppCamaristaMeier,2016,5,113,0,0,0,0,0,8,7
DoUppCamaristaMeier,2016,6,114,0,0,0,0,0,9,6
DoUppLins,2007,1,1,0,0,0,0,0,7,6
DoUppLins,2007,2,2,0,0,0,0,0,5,1
DoUppLins,2007,3,3,0,0,0,0,0,4,1
DoUppLins,2007,4,4,0,0,0,0,0,4,5
DoUppLins,2007,5,5,0,0,0,0,0,7,2
DoUppLins,2007,6,6,0,0,0,0,0,11,3
DoUppLins,2007,7,7,0,0,0,0,0,10,2
DoUppLins,2007,8,8,0,0,0,0,0,11,0
DoUppLins,2007,9,9,0,0,0,0,0,19,6
DoUppLins,2007,10,10,1,0,0,0,0,10,2
DoUppLins,2007,11,11,0,0,0,0,0,15,4
DoUppLins,2007,12,12,1,0,0,0,0,6,2
DoUppLins,2008,1,13,0,0,0,0,0,6,4
DoUppLins,2008,2,14,1,0,0,0,0,4,3
DoUppLins,2008,3,15,0,0,0,0,0,2,8
DoUppLins,2008,4,16,0,0,0,0,0,0,3
DoUppLins,2008,5,17,1,0,0,0,0,1,7
DoUppLins,2008,6,18,0,0,0,0,0,5,7
DoUppLins,2008,7,19,0,0,0,0,0,6,3
DoUppLins,2008,8,20,1,0,0,0,0,6,5
DoUppLins,2008,9,21,0,0,0,0,0,6,9
DoUppLins,2008,10,22,2,0,0,0,0,4,3
DoUppLins,2008,11,23,0,0,0,0,0,10,2
DoUppLins,2008,12,24,0,0,0,0,0,3,3
DoUppLins,2009,1,25,0,0,0,0,0,4,4
DoUppLins,2009,2,26,1,0,0,0,0,4,6
DoUppLins,2009,3,27,1,0,0,0,0,4,2
DoUppLins,2009,4,28,0,0,0,0,0,2,4
DoUppLins,2009,5,29,0,0,0,0,0,4,6
DoUppLins,2009,6,30,0,0,0,0,0,3,5
DoUppLins,2009,7,31,0,0,0,0,0,5,9
DoUppLins,2009,8,32,1,0,0,0,0,1,4
DoUppLins,2009,9,33,0,0,0,0,0,0,5
DoUppLins,2009,10,34,0,0,0,0,0,8,3
DoUppLins,2009,11,35,0,0,0,0,0,2,3
DoUppLins,2009,12,36,0,0,0,0,0,8,3
DoUppLins,2010,1,37,0,0,0,0,0,5,9
DoUppLins,2010,2,38,1,0,0,0,0,1,2
DoUppLins,2010,3,39,1,0,0,0,0,8,5
DoUppLins,2010,4,40,0,0,0,0,0,6,7
DoUppLins,2010,5,41,0,0,0,0,0,4,5
DoUppLins,2010,6,42,0,0,0,0,0,1,6
DoUppLins,2010,7,43,0,0,0,0,0,4,8
DoUppLins,2010,8,44,0,0,0,0,0,3,5
DoUppLins,2010,9,45,0,0,0,0,0,4,6
DoUppLins,2010,10,46,0,0,0,0,0,4,8
DoUppLins,2010,11,47,0,0,0,0,0,3,4
DoUppLins,2010,12,48,0,0,0,0,0,5,1
DoUppLins,2011,1,49,0,0,0,0,0,7,6
DoUppLins,2011,2,50,2,0,0,0,0,6,11
DoUppLins,2011,3,51,0,0,0,0,0,6,9
DoUppLins,2011,4,52,0,0,0,0,0,2,6
DoUppLins,2011,5,53,0,0,0,0,0,8,6
DoUppLins,2011,6,54,0,0,0,0,0,4,7
DoUppLins,2011,7,55,1,0,0,0,0,3,9
DoUppLins,2011,8,56,0,0,0,0,0,5,6
DoUppLins,2011,9,57,0,0,0,0,0,1,4
DoUppLins,2011,10,58,0,0,0,0,0,2,8
DoUppLins,2011,11,59,0,0,0,0,0,0,6
DoUppLins,2011,12,60,0,0,0,0,0,3,4
DoUppLins,2012,1,61,1,0,0,0,0,3,8
DoUppLins,2012,2,62,0,0,0,0,0,2,17
DoUppLins,2012,3,63,0,0,0,0,0,0,4
DoUppLins,2012,4,64,0,0,0,0,0,1,4
DoUppLins,2012,5,65,0,0,0,0,0,6,9
DoUppLins,2012,6,66,1,0,0,0,0,2,6
DoUppLins,2012,7,67,0,0,0,0,0,3,6
DoUppLins,2012,8,68,0,0,0,0,0,4,5
DoUppLins,2012,9,69,0,0,0,0,0,4,2
DoUppLins,2012,10,70,0,0,0,0,0,4,3
DoUppLins,2012,11,71,0,0,0,0,0,2,6
DoUppLins,2012,12,72,0,0,0,0,0,5,6
DoUppLins,2013,1,73,0,0,0,0,0,7,6
DoUppLins,2013,2,74,0,0,0,0,0,3,9
DoUppLins,2013,3,75,0,0,0,0,0,0,11
DoUppLins,2013,4,76,1,0,0,0,0,3,3
DoUppLins,2013,5,77,0,0,0,0,0,1,6
DoUppLins,2013,6,78,0,0,0,0,0,1,5
DoUppLins,2013,7,79,0,0,0,0,0,4,7
DoUppLins,2013,8,80,0,0,0,0,0,2,4
DoUppLins,2013,9,81,0,0,0,0,0,7,2
DoUppLins,2013,10,82,0,0,0,0,0,2,4
DoUppLins,2013,11,83,0,0,0,0,0,4,3
DoUppLins,2013,12,84,0,0,0,0,0,0,3
DoUppLins,2014,1,85,0,0,0,0,0,4,5
DoUppLins,2014,2,86,0,0,0,0,0,0,4
DoUppLins,2014,3,87,0,0,0,0,0,3,3
DoUppLins,2014,4,88,0,0,0,0,0,6,3
DoUppLins,2014,5,89,0,0,0,0,0,10,5
DoUppLins,2014,6,90,0,0,0,0,0,5,4
DoUppLins,2014,7,91,0,0,0,0,0,2,6
DoUppLins,2014,8,92,0,0,0,0,0,1,2
DoUppLins,2014,9,93,0,0,0,0,0,2,6
DoUppLins,2014,10,94,0,0,0,0,0,4,6
DoUppLins,2014,11,95,0,0,0,0,0,1,8
DoUppLins,2014,12,96,0,0,0,0,0,3,3
DoUppLins,2015,1,97,0,0,0,0,0,1,5
DoUppLins,2015,2,98,0,0,0,0,0,2,6
DoUppLins,2015,3,99,0,0,0,0,0,2,4
DoUppLins,2015,4,100,0,0,0,0,0,4,9
DoUppLins,2015,5,101,1,0,0,0,0,5,6
DoUppLins,2015,6,102,0,0,0,0,0,2,1
DoUppLins,2015,7,103,0,0,0,0,0,6,5
DoUppLins,2015,8,104,0,0,0,0,0,2,0
DoUppLins,2015,9,105,1,0,0,0,0,5,5
DoUppLins,2015,10,106,0,0,0,0,0,4,4
DoUppLins,2015,11,107,1,0,0,0,0,8,6
DoUppLins,2015,12,108,1,0,0,0,0,8,4
DoUppLins,2016,1,109,0,0,0,0,0,3,1
DoUppLins,2016,2,110,0,0,0,0,0,4,4
DoUppLins,2016,3,111,0,0,0,0,0,3,7
DoUppLins,2016,4,112,0,0,0,0,0,3,1
DoUppLins,2016,5,113,0,0,0,0,0,5,5
DoUppLins,2016,6,114,0,0,0,0,0,4,5
DoUppVilaKennedy,2007,1,1,0,0,0,0,0,13,20
DoUppVilaKennedy,2007,2,2,1,0,0,0,0,16,17
DoUppVilaKennedy,2007,3,3,0,0,0,0,0,13,7
DoUppVilaKennedy,2007,4,4,0,1,0,0,0,20,5
DoUppVilaKennedy,2007,5,5,2,0,0,0,0,29,6
DoUppVilaKennedy,2007,6,6,1,0,0,0,0,26,9
DoUppVilaKennedy,2007,7,7,1,0,0,0,0,22,9
DoUppVilaKennedy,2007,8,8,1,0,0,0,0,22,14
DoUppVilaKennedy,2007,9,9,3,0,0,0,0,18,9
DoUppVilaKennedy,2007,10,10,0,0,0,0,0,33,10
DoUppVilaKennedy,2007,11,11,0,0,0,0,0,31,10
DoUppVilaKennedy,2007,12,12,0,0,0,0,0,25,10
DoUppVilaKennedy,2008,1,13,3,0,0,0,0,25,9
DoUppVilaKennedy,2008,2,14,1,0,0,0,0,30,13
DoUppVilaKennedy,2008,3,15,1,0,0,0,0,19,8
DoUppVilaKennedy,2008,4,16,3,0,0,0,0,22,5
DoUppVilaKennedy,2008,5,17,1,0,0,0,0,20,6
DoUppVilaKennedy,2008,6,18,0,0,0,0,0,24,6
DoUppVilaKennedy,2008,7,19,0,0,0,0,0,29,15
DoUppVilaKennedy,2008,8,20,3,0,0,0,0,27,16
DoUppVilaKennedy,2008,9,21,2,0,0,0,0,26,6
DoUppVilaKennedy,2008,10,22,3,0,0,0,0,29,12
DoUppVilaKennedy,2008,11,23,1,0,0,0,0,20,10
DoUppVilaKennedy,2008,12,24,1,0,0,0,0,32,5
DoUppVilaKennedy,2009,1,25,6,0,0,0,0,28,12
DoUppVilaKennedy,2009,2,26,2,0,0,0,0,26,15
DoUppVilaKennedy,2009,3,27,1,0,0,0,0,22,16
DoUppVilaKennedy,2009,4,28,0,0,0,0,0,17,9
DoUppVilaKennedy,2009,5,29,3,0,0,0,0,26,15
DoUppVilaKennedy,2009,6,30,0,0,0,0,0,30,12
DoUppVilaKennedy,2009,7,31,0,0,0,0,0,41,14
DoUppVilaKennedy,2009,8,32,2,0,0,0,0,27,14
DoUppVilaKennedy,2009,9,33,0,0,0,0,0,20,11
DoUppVilaKennedy,2009,10,34,1,0,0,0,0,27,10
DoUppVilaKennedy,2009,11,35,0,0,1,0,0,40,10
DoUppVilaKennedy,2009,12,36,0,0,0,0,0,45,6
DoUppVilaKennedy,2010,1,37,2,0,0,0,0,27,10
DoUppVilaKennedy,2010,2,38,1,0,0,0,0,38,11
DoUppVilaKennedy,2010,3,39,1,0,0,0,0,26,12
DoUppVilaKennedy,2010,4,40,3,0,0,0,0,30,17
DoUppVilaKennedy,2010,5,41,0,0,0,0,0,30,17
DoUppVilaKennedy,2010,6,42,1,0,0,0,0,26,14
DoUppVilaKennedy,2010,7,43,3,0,0,0,0,12,12
DoUppVilaKennedy,2010,8,44,1,0,0,0,0,17,16
DoUppVilaKennedy,2010,9,45,0,0,0,0,0,28,20
DoUppVilaKennedy,2010,10,46,1,0,0,0,0,27,19
DoUppVilaKennedy,2010,11,47,0,0,0,0,0,22,9
DoUppVilaKennedy,2010,12,48,3,0,0,0,0,25,13
DoUppVilaKennedy,2011,1,49,4,0,0,0,0,29,11
DoUppVilaKennedy,2011,2,50,0,0,0,0,0,29,23
DoUppVilaKennedy,2011,3,51,1,0,0,0,0,18,14
DoUppVilaKennedy,2011,4,52,1,0,0,0,0,19,21
DoUppVilaKennedy,2011,5,53,2,0,0,0,0,22,8
DoUppVilaKennedy,2011,6,54,4,0,0,0,0,31,16
DoUppVilaKennedy,2011,7,55,2,0,0,0,0,15,18
DoUppVilaKennedy,2011,8,56,2,0,0,0,0,23,9
DoUppVilaKennedy,2011,9,57,0,0,0,0,0,25,13
DoUppVilaKennedy,2011,10,58,4,0,0,0,0,25,13
DoUppVilaKennedy,2011,11,59,0,0,0,0,0,23,11
DoUppVilaKennedy,2011,12,60,1,0,1,0,0,26,7
DoUppVilaKennedy,2012,1,61,1,0,0,0,0,26,23
DoUppVilaKennedy,2012,2,62,1,0,2,0,0,30,10
DoUppVilaKennedy,2012,3,63,1,0,0,0,0,28,15
DoUppVilaKennedy,2012,4,64,0,0,0,0,0,26,11
DoUppVilaKennedy,2012,5,65,0,0,0,0,0,19,17
DoUppVilaKennedy,2012,6,66,0,0,0,0,0,32,16
DoUppVilaKennedy,2012,7,67,0,0,0,0,0,19,13
DoUppVilaKennedy,2012,8,68,0,0,0,0,0,14,13
DoUppVilaKennedy,2012,9,69,1,0,0,0,0,13,13
DoUppVilaKennedy,2012,10,70,0,0,0,0,0,22,22
DoUppVilaKennedy,2012,11,71,2,0,0,0,0,13,12
DoUppVilaKennedy,2012,12,72,0,0,0,0,0,31,21
DoUppVilaKennedy,2013,1,73,0,0,0,0,0,33,19
DoUppVilaKennedy,2013,2,74,0,0,0,0,0,22,19
DoUppVilaKennedy,2013,3,75,2,0,0,0,0,21,22
DoUppVilaKennedy,2013,4,76,1,0,0,0,0,17,22
DoUppVilaKennedy,2013,5,77,0,0,0,0,0,22,13
DoUppVilaKennedy,2013,6,78,0,1,0,0,0,27,19
DoUppVilaKennedy,2013,7,79,0,0,1,0,0,20,22
DoUppVilaKennedy,2013,8,80,0,0,0,0,0,15,18
DoUppVilaKennedy,2013,9,81,3,0,0,0,0,29,15
DoUppVilaKennedy,2013,10,82,1,0,0,0,0,31,19
DoUppVilaKennedy,2013,11,83,0,0,0,0,0,28,27
DoUppVilaKennedy,2013,12,84,0,0,0,0,0,37,13
DoUppVilaKennedy,2014,1,85,2,0,0,0,0,57,21
DoUppVilaKennedy,2014,2,86,1,0,0,0,0,41,16
DoUppVilaKennedy,2014,3,87,1,0,0,0,0,42,19
DoUppVilaKennedy,2014,4,88,0,0,0,0,0,32,30
DoUppVilaKennedy,2014,5,89,0,0,0,0,0,24,18
DoUppVilaKennedy,2014,6,90,0,0,0,0,0,37,13
DoUppVilaKennedy,2014,7,91,0,0,0,0,0,22,22
DoUppVilaKennedy,2014,8,92,0,0,0,0,0,29,13
DoUppVilaKennedy,2014,9,93,0,0,0,0,0,41,15
DoUppVilaKennedy,2014,10,94,0,0,0,0,0,43,32
DoUppVilaKennedy,2014,11,95,0,0,0,0,0,36,21
DoUppVilaKennedy,2014,12,96,0,0,0,0,0,50,21
DoUppVilaKennedy,2015,1,97,1,0,0,0,0,43,20
DoUppVilaKennedy,2015,2,98,1,0,0,0,0,45,16
DoUppVilaKennedy,2015,3,99,1,0,0,0,0,38,25
DoUppVilaKennedy,2015,4,100,1,0,0,0,0,30,17
DoUppVilaKennedy,2015,5,101,1,0,0,0,0,28,23
DoUppVilaKennedy,2015,6,102,0,0,0,0,0,27,19
DoUppVilaKennedy,2015,7,103,4,0,0,0,0,36,16
DoUppVilaKennedy,2015,8,104,0,0,0,0,0,25,20
DoUppVilaKennedy,2015,9,105,0,0,0,0,0,22,13
DoUppVilaKennedy,2015,10,106,1,0,0,0,0,30,19
DoUppVilaKennedy,2015,11,107,0,0,0,0,0,39,12
DoUppVilaKennedy,2015,12,108,1,0,0,0,0,47,17
DoUppVilaKennedy,2016,1,109,0,0,0,0,0,33,14
DoUppVilaKennedy,2016,2,110,6,0,0,0,0,38,16
DoUppVilaKennedy,2016,3,111,5,0,0,0,0,28,8
DoUppVilaKennedy,2016,4,112,0,0,0,0,0,42,10
DoUppVilaKennedy,2016,5,113,0,0,0,0,0,51,16
DoUppVilaKennedy,2016,6,114,1,0,0,0,0,41,17
DoUppMangueirinha,2007,1,1,1,0,0,0,0,4,4
DoUppMangueirinha,2007,2,2,0,0,0,0,0,2,1
DoUppMangueirinha,2007,3,3,0,0,0,0,0,6,1
DoUppMangueirinha,2007,4,4,0,0,0,0,0,8,0
DoUppMangueirinha,2007,5,5,0,0,0,0,0,4,1
DoUppMangueirinha,2007,6,6,0,0,0,0,0,1,1
DoUppMangueirinha,2007,7,7,0,0,0,0,0,2,1
DoUppMangueirinha,2007,8,8,0,0,0,0,0,3,3
DoUppMangueirinha,2007,9,9,0,0,0,0,0,10,1
DoUppMangueirinha,2007,10,10,1,0,0,0,0,8,2
DoUppMangueirinha,2007,11,11,1,0,0,0,0,4,3
DoUppMangueirinha,2007,12,12,0,0,0,0,0,5,3
DoUppMangueirinha,2008,1,13,0,0,0,0,0,8,5
DoUppMangueirinha,2008,2,14,0,0,0,0,0,7,3
DoUppMangueirinha,2008,3,15,0,0,0,0,0,4,5
DoUppMangueirinha,2008,4,16,3,0,0,0,0,8,6
DoUppMangueirinha,2008,5,17,0,0,0,0,0,7,3
DoUppMangueirinha,2008,6,18,0,0,0,0,0,2,4
DoUppMangueirinha,2008,7,19,0,0,0,0,0,2,1
DoUppMangueirinha,2008,8,20,1,0,0,0,0,10,4
DoUppMangueirinha,2008,9,21,0,0,0,0,0,4,1
DoUppMangueirinha,2008,10,22,1,0,0,0,0,5,0
DoUppMangueirinha,2008,11,23,0,0,0,0,0,6,3
DoUppMangueirinha,2008,12,24,0,0,0,0,0,3,1
DoUppMangueirinha,2009,1,25,1,0,0,0,0,4,3
DoUppMangueirinha,2009,2,26,0,0,0,0,0,3,0
DoUppMangueirinha,2009,3,27,0,0,0,0,0,8,6
DoUppMangueirinha,2009,4,28,1,0,0,0,0,7,4
DoUppMangueirinha,2009,5,29,0,0,0,0,0,2,0
DoUppMangueirinha,2009,6,30,0,0,0,0,0,7,2
DoUppMangueirinha,2009,7,31,0,0,0,0,0,2,3
DoUppMangueirinha,2009,8,32,2,0,0,0,0,4,3
DoUppMangueirinha,2009,9,33,1,0,0,0,0,2,0
DoUppMangueirinha,2009,10,34,0,0,0,0,0,2,1
DoUppMangueirinha,2009,11,35,0,0,0,0,0,3,3
DoUppMangueirinha,2009,12,36,0,0,0,0,0,5,3
DoUppMangueirinha,2010,1,37,0,0,0,0,0,6,1
DoUppMangueirinha,2010,2,38,2,0,0,0,0,5,1
DoUppMangueirinha,2010,3,39,0,0,0,0,0,3,3
DoUppMangueirinha,2010,4,40,0,0,0,0,0,7,5
DoUppMangueirinha,2010,5,41,0,0,0,0,0,2,2
DoUppMangueirinha,2010,6,42,0,0,0,0,0,7,3
DoUppMangueirinha,2010,7,43,0,0,0,0,0,5,5
DoUppMangueirinha,2010,8,44,0,0,0,0,0,7,1
DoUppMangueirinha,2010,9,45,1,0,0,0,0,7,3
DoUppMangueirinha,2010,10,46,0,0,0,0,0,9,6
DoUppMangueirinha,2010,11,47,1,0,0,0,0,7,2
DoUppMangueirinha,2010,12,48,0,0,0,0,0,5,2
DoUppMangueirinha,2011,1,49,0,0,0,0,0,11,2
DoUppMangueirinha,2011,2,50,0,0,0,0,0,9,7
DoUppMangueirinha,2011,3,51,0,0,0,0,0,9,2
DoUppMangueirinha,2011,4,52,0,0,0,0,0,3,5
DoUppMangueirinha,2011,5,53,1,0,0,0,0,4,4
DoUppMangueirinha,2011,6,54,0,0,0,0,0,5,2
DoUppMangueirinha,2011,7,55,0,0,0,0,0,9,5
DoUppMangueirinha,2011,8,56,1,0,0,0,0,9,2
DoUppMangueirinha,2011,9,57,0,0,0,0,0,4,3
DoUppMangueirinha,2011,10,58,1,0,0,0,0,4,4
DoUppMangueirinha,2011,11,59,0,0,0,0,0,4,3
DoUppMangueirinha,2011,12,60,0,0,0,0,0,6,3
DoUppMangueirinha,2012,1,61,0,0,0,0,0,4,6
DoUppMangueirinha,2012,2,62,0,0,0,0,0,4,3
DoUppMangueirinha,2012,3,63,0,0,0,0,0,1,2
DoUppMangueirinha,2012,4,64,0,0,0,0,0,6,6
DoUppMangueirinha,2012,5,65,0,0,0,0,0,6,0
DoUppMangueirinha,2012,6,66,0,0,0,0,0,6,2
DoUppMangueirinha,2012,7,67,0,0,0,0,0,8,2
DoUppMangueirinha,2012,8,68,0,0,0,0,0,7,3
DoUppMangueirinha,2012,9,69,0,0,0,0,0,2,2
DoUppMangueirinha,2012,10,70,0,0,0,0,0,6,1
DoUppMangueirinha,2012,11,71,0,0,0,0,0,6,0
DoUppMangueirinha,2012,12,72,0,0,0,0,0,7,4
DoUppMangueirinha,2013,1,73,0,0,0,0,0,10,6
DoUppMangueirinha,2013,2,74,0,0,0,0,0,6,2
DoUppMangueirinha,2013,3,75,0,0,0,0,0,5,2
DoUppMangueirinha,2013,4,76,1,0,0,0,0,4,2
DoUppMangueirinha,2013,5,77,0,0,0,0,0,5,5
DoUppMangueirinha,2013,6,78,1,0,0,0,0,8,1
DoUppMangueirinha,2013,7,79,0,0,0,0,0,5,3
DoUppMangueirinha,2013,8,80,0,0,0,0,0,5,3
DoUppMangueirinha,2013,9,81,1,0,0,0,0,5,4
DoUppMangueirinha,2013,10,82,0,0,0,0,0,3,2
DoUppMangueirinha,2013,11,83,0,0,0,0,0,3,1
DoUppMangueirinha,2013,12,84,0,0,0,0,0,2,2
DoUppMangueirinha,2014,1,85,0,0,0,0,0,12,3
DoUppMangueirinha,2014,2,86,1,0,0,0,0,3,1
DoUppMangueirinha,2014,3,87,0,0,0,0,0,3,1
DoUppMangueirinha,2014,4,88,0,0,0,0,0,7,4
DoUppMangueirinha,2014,5,89,0,0,0,0,0,8,3
DoUppMangueirinha,2014,6,90,2,0,0,0,0,6,0
DoUppMangueirinha,2014,7,91,0,0,0,0,0,3,2
DoUppMangueirinha,2014,8,92,0,0,0,0,0,2,4
DoUppMangueirinha,2014,9,93,0,0,0,0,0,6,3
DoUppMangueirinha,2014,10,94,0,0,0,0,0,9,3
DoUppMangueirinha,2014,11,95,0,0,0,0,0,1,4
DoUppMangueirinha,2014,12,96,0,0,0,0,0,4,2
DoUppMangueirinha,2015,1,97,1,0,0,0,0,7,4
DoUppMangueirinha,2015,2,98,1,0,0,0,0,11,1
DoUppMangueirinha,2015,3,99,0,0,0,0,0,11,4
DoUppMangueirinha,2015,4,100,0,0,0,0,0,9,11
DoUppMangueirinha,2015,5,101,0,0,0,0,0,6,9
DoUppMangueirinha,2015,6,102,0,0,0,0,0,3,7
DoUppMangueirinha,2015,7,103,0,0,0,0,0,13,3
DoUppMangueirinha,2015,8,104,0,0,0,0,0,7,9
DoUppMangueirinha,2015,9,105,1,0,0,0,0,7,6
DoUppMangueirinha,2015,10,106,0,0,0,0,0,11,6
DoUppMangueirinha,2015,11,107,0,0,0,0,0,13,15
DoUppMangueirinha,2015,12,108,0,0,0,0,0,7,8
DoUppMangueirinha,2016,1,109,0,0,0,0,0,9,4
DoUppMangueirinha,2016,2,110,0,0,0,0,0,12,5
DoUppMangueirinha,2016,3,111,1,0,0,0,0,10,4
DoUppMangueirinha,2016,4,112,1,0,0,0,0,9,7
DoUppMangueirinha,2016,5,113,1,0,0,0,0,11,7
DoUppMangueirinha,2016,6,114,0,0,0,0,0,10,1
DoUppMare,2007,1,1,,,,,,,
DoUppMare,2007,2,2,,,,,,,
DoUppMare,2007,3,3,,,,,,,
DoUppMare,2007,4,4,,,,,,,
DoUppMare,2007,5,5,,,,,,,
DoUppMare,2007,6,6,,,,,,,
DoUppMare,2007,7,7,,,,,,,
DoUppMare,2007,8,8,,,,,,,
DoUppMare,2007,9,9,,,,,,,
DoUppMare,2007,10,10,,,,,,,
DoUppMare,2007,11,11,,,,,,,
DoUppMare,2007,12,12,,,,,,,
DoUppMare,2008,1,13,,,,,,,
DoUppMare,2008,2,14,,,,,,,
DoUppMare,2008,3,15,,,,,,,
DoUppMare,2008,4,16,,,,,,,
DoUppMare,2008,5,17,,,,,,,
DoUppMare,2008,6,18,,,,,,,
DoUppMare,2008,7,19,,,,,,,
DoUppMare,2008,8,20,,,,,,,
DoUppMare,2008,9,21,,,,,,,
DoUppMare,2008,10,22,,,,,,,
DoUppMare,2008,11,23,,,,,,,
DoUppMare,2008,12,24,,,,,,,
DoUppMare,2009,1,25,,,,,,,
DoUppMare,2009,2,26,,,,,,,
DoUppMare,2009,3,27,,,,,,,
DoUppMare,2009,4,28,,,,,,,
DoUppMare,2009,5,29,,,,,,,
DoUppMare,2009,6,30,,,,,,,
DoUppMare,2009,7,31,,,,,,,
DoUppMare,2009,8,32,,,,,,,
DoUppMare,2009,9,33,,,,,,,
DoUppMare,2009,10,34,,,,,,,
DoUppMare,2009,11,35,,,,,,,
DoUppMare,2009,12,36,,,,,,,
DoUppMare,2010,1,37,,,,,,,
DoUppMare,2010,2,38,,,,,,,
DoUppMare,2010,3,39,,,,,,,
DoUppMare,2010,4,40,,,,,,,
DoUppMare,2010,5,41,,,,,,,
DoUppMare,2010,6,42,,,,,,,
DoUppMare,2010,7,43,,,,,,,
DoUppMare,2010,8,44,,,,,,,
DoUppMare,2010,9,45,,,,,,,
DoUppMare,2010,10,46,,,,,,,
DoUppMare,2010,11,47,,,,,,,
DoUppMare,2010,12,48,,,,,,,
DoUppMare,2011,1,49,,,,,,,
DoUppMare,2011,2,50,,,,,,,
DoUppMare,2011,3,51,,,,,,,
DoUppMare,2011,4,52,,,,,,,
DoUppMare,2011,5,53,,,,,,,
DoUppMare,2011,6,54,,,,,,,
DoUppMare,2011,7,55,,,,,,,
DoUppMare,2011,8,56,,,,,,,
DoUppMare,2011,9,57,,,,,,,
DoUppMare,2011,10,58,,,,,,,
DoUppMare,2011,11,59,,,,,,,
DoUppMare,2011,12,60,,,,,,,
DoUppMare,2012,1,61,,,,,,,
DoUppMare,2012,2,62,,,,,,,
DoUppMare,2012,3,63,,,,,,,
DoUppMare,2012,4,64,,,,,,,
DoUppMare,2012,5,65,,,,,,,
DoUppMare,2012,6,66,,,,,,,
DoUppMare,2012,7,67,,,,,,,
DoUppMare,2012,8,68,,,,,,,
DoUppMare,2012,9,69,,,,,,,
DoUppMare,2012,10,70,,,,,,,
DoUppMare,2012,11,71,,,,,,,
DoUppMare,2012,12,72,,,,,,,
DoUppMare,2013,1,73,,,,,,,
DoUppMare,2013,2,74,,,,,,,
DoUppMare,2013,3,75,,,,,,,
DoUppMare,2013,4,76,,,,,,,
DoUppMare,2013,5,77,,,,,,,
DoUppMare,2013,6,78,,,,,,,
DoUppMare,2013,7,79,,,,,,,
DoUppMare,2013,8,80,,,,,,,
DoUppMare,2013,9,81,,,,,,,
DoUppMare,2013,10,82,,,,,,,
DoUppMare,2013,11,83,,,,,,,
DoUppMare,2013,12,84,,,,,,,
DoUppMare,2014,1,85,,,,,,,
DoUppMare,2014,2,86,,,,,,,
DoUppMare,2014,3,87,,,,,,,
DoUppMare,2014,4,88,,,,,,,
DoUppMare,2014,5,89,,,,,,,
DoUppMare,2014,6,90,,,,,,,
DoUppMare,2014,7,91,,,,,,,
DoUppMare,2014,8,92,,,,,,,
DoUppMare,2014,9,93,,,,,,,
DoUppMare,2014,10,94,,,,,,,
DoUppMare,2014,11,95,,,,,,,
DoUppMare,2014,12,96,,,,,,,
DoUppMare,2015,1,97,,,,,,,
DoUppMare,2015,2,98,,,,,,,
DoUppMare,2015,3,99,,,,,,,
DoUppMare,2015,4,100,,,,,,,
DoUppMare,2015,5,101,,,,,,,
DoUppMare,2015,6,102,,,,,,,
DoUppMare,2015,7,103,,,,,,,
DoUppMare,2015,8,104,,,,,,,
DoUppMare,2015,9,105,,,,,,,
DoUppMare,2015,10,106,,,,,,,
DoUppMare,2015,11,107,,,,,,,
DoUppMare,2015,12,108,,,,,,,
DoUppMare,2016,1,109,,,,,,,
DoUppMare,2016,2,110,,,,,,,
DoUppMare,2016,3,111,,,,,,,
DoUppMare,2016,4,112,,,,,,,
DoUppMare,2016,5,113,,,,,,,
DoUppMare,2016,6,114,,,,,,,
